{
  "elo": {
    "ratings": {
      "Miami Heat": 1511.2954758073085,
      "Phoenix Suns": 1464.3311588879005,
      "Houston Rockets": 1616.5686881058875,
      "Chicago Bulls": 1203.3936978428544,
      "Minnesota Timberwolves": 1733.4854556202868,
      "Milwaukee Bucks": 1215.745063471168,
      "Denver Nuggets": 1760.8177067552492,
      "New Orleans Pelicans": 1382.683311569417,
      "Oklahoma City Thunder": 2024.4437319211497,
      "San Antonio Spurs": 1942.3334200466577,
      "Los Angeles Lakers": 1730.8249573420997,
      "Atlanta Hawks": 1724.4944010710415,
      "Golden State Warriors": 1300.2350535786975,
      "Portland Trail Blazers": 1622.4637830204776,
      "Toronto Raptors": 1548.9155123607388,
      "Indiana Pacers": 1142.2470873623674,
      "Cleveland Cavaliers": 1674.8371819257923,
      "Philadelphia 76ers": 1662.9915487958199,
      "Utah Jazz": 1008.7256900060637,
      "Brooklyn Nets": 1084.705590051465,
      "Dallas Mavericks": 1259.1772794109854,
      "Sacramento Kings": 1327.2786010989144,
      "New York Knicks": 1874.0609999669487,
      "LA Clippers": 1482.4876570013485,
      "Washington Wizards": 818.3850564749209,
      "Orlando Magic": 1649.3214786888507,
      "Memphis Grizzlies": 1050.0061667058942,
      "Detroit Pistons": 1704.85390880033,
      "Boston Celtics": 1763.3196216302604,
      "Charlotte Hornets": 1715.5707146790983,
      "Team Stars": 1689.770130494894,
      "World": 1316.0940306145765,
      "Team Stripes": 1494.1358388905298
    }
  },
  "feature_names": [
    "elo_diff",
    "elo_a",
    "elo_b",
    "win_pct_a",
    "win_pct_b",
    "win_pct_diff",
    "ppg_a",
    "ppg_b",
    "oppg_a",
    "oppg_b",
    "diff_a",
    "diff_b",
    "streak_a",
    "streak_b",
    "b2b_a",
    "b2b_b",
    "b2b_adv",
    "both_b2b",
    "home_away"
  ],
  "has_model": true,
  "rmse": 7.725653393011265,
  "saved_at": "2026-05-23T09:00:24.925970"
}