{
  "elo": {
    "ratings": {
      "Miami Heat": 1536.8329616968776,
      "Phoenix Suns": 1462.5672282422142,
      "Houston Rockets": 1630.7060139983857,
      "Chicago Bulls": 1197.511176254178,
      "Minnesota Timberwolves": 1722.7500994674817,
      "Milwaukee Bucks": 1241.339476793029,
      "Denver Nuggets": 1745.0163447333323,
      "New Orleans Pelicans": 1375.449144300678,
      "Oklahoma City Thunder": 2053.434226291977,
      "San Antonio Spurs": 1899.5643521450395,
      "Los Angeles Lakers": 1730.8467469872912,
      "Atlanta Hawks": 1715.8081204347336,
      "Golden State Warriors": 1308.3949155164903,
      "Portland Trail Blazers": 1604.0498638142003,
      "Toronto Raptors": 1563.8542051531908,
      "Indiana Pacers": 1099.4199625256822,
      "Cleveland Cavaliers": 1676.516944146536,
      "Philadelphia 76ers": 1643.8326485444904,
      "Utah Jazz": 1016.0895062327855,
      "Brooklyn Nets": 1084.0345040840662,
      "Dallas Mavericks": 1267.7464040078169,
      "Sacramento Kings": 1311.2039044418905,
      "New York Knicks": 1843.6690568203553,
      "LA Clippers": 1485.150463995968,
      "Washington Wizards": 880.1393391243462,
      "Orlando Magic": 1661.5078983495398,
      "Memphis Grizzlies": 1057.014092868063,
      "Detroit Pistons": 1751.4854697771816,
      "Boston Celtics": 1766.5980361555928,
      "Charlotte Hornets": 1667.4668930965825,
      "Team Stars": 1689.770130494894,
      "World": 1316.0940306145765,
      "Team Stripes": 1494.1358388905298
    }
  },
  "feature_names": [
    "elo_diff",
    "elo_a",
    "elo_b",
    "win_pct_a",
    "win_pct_b",
    "win_pct_diff",
    "ppg_a",
    "ppg_b",
    "oppg_a",
    "oppg_b",
    "diff_a",
    "diff_b",
    "streak_a",
    "streak_b",
    "b2b_a",
    "b2b_b",
    "b2b_adv",
    "both_b2b",
    "home_away"
  ],
  "has_model": true,
  "rmse": 7.681362065392256,
  "saved_at": "2026-05-18T09:00:51.409079"
}