{
  "elo": {
    "ratings": {
      "Miami Heat": 1515.5269678764528,
      "Phoenix Suns": 1461.4660399594059,
      "Houston Rockets": 1620.6164359951256,
      "Chicago Bulls": 1205.542438560932,
      "Minnesota Timberwolves": 1711.332015757881,
      "Milwaukee Bucks": 1162.193324599966,
      "Denver Nuggets": 1801.306560457218,
      "New Orleans Pelicans": 1349.4175746084327,
      "Oklahoma City Thunder": 2039.6325935799819,
      "San Antonio Spurs": 1951.662974804135,
      "Los Angeles Lakers": 1780.9327969711524,
      "Atlanta Hawks": 1733.002153121596,
      "Golden State Warriors": 1280.3360726583248,
      "Portland Trail Blazers": 1654.4904727116852,
      "Toronto Raptors": 1542.2290125391607,
      "Indiana Pacers": 1243.2235633154505,
      "Cleveland Cavaliers": 1629.1962072097074,
      "Philadelphia 76ers": 1658.5953877845482,
      "Utah Jazz": 1011.5835457206751,
      "Brooklyn Nets": 1120.5131888518506,
      "Dallas Mavericks": 1279.3592607759053,
      "Sacramento Kings": 1294.5801802566773,
      "New York Knicks": 1928.3819457140628,
      "LA Clippers": 1488.8391772804396,
      "Washington Wizards": 752.3540375051086,
      "Orlando Magic": 1642.1432234578567,
      "Memphis Grizzlies": 1020.2341985140885,
      "Detroit Pistons": 1671.3838346032514,
      "Boston Celtics": 1735.8657293608594,
      "Charlotte Hornets": 1714.0590854480595,
      "Team Stars": 1689.770130494894,
      "World": 1316.0940306145765,
      "Team Stripes": 1494.1358388905298
    }
  },
  "feature_names": [
    "elo_diff",
    "elo_a",
    "elo_b",
    "win_pct_a",
    "win_pct_b",
    "win_pct_diff",
    "ppg_a",
    "ppg_b",
    "oppg_a",
    "oppg_b",
    "diff_a",
    "diff_b",
    "streak_a",
    "streak_b",
    "b2b_a",
    "b2b_b",
    "b2b_adv",
    "both_b2b",
    "home_away"
  ],
  "has_model": true,
  "rmse": 7.995871615141174,
  "saved_at": "2026-06-01T09:00:27.901059"
}