{
  "elo": {
    "ratings": {
      "Miami Heat": 1512.9457654325797,
      "Phoenix Suns": 1474.779834790015,
      "Houston Rockets": 1619.8718306036742,
      "Chicago Bulls": 1205.487479161476,
      "Minnesota Timberwolves": 1736.6508678329672,
      "Milwaukee Bucks": 1204.634329976499,
      "Denver Nuggets": 1774.6382788027227,
      "New Orleans Pelicans": 1377.9944287197982,
      "Oklahoma City Thunder": 2043.0688560756078,
      "San Antonio Spurs": 1918.874973055543,
      "Los Angeles Lakers": 1746.0612719459727,
      "Atlanta Hawks": 1726.5239519172776,
      "Golden State Warriors": 1290.4001353705623,
      "Portland Trail Blazers": 1631.943136312749,
      "Toronto Raptors": 1543.4554949648532,
      "Indiana Pacers": 1169.780046155532,
      "Cleveland Cavaliers": 1654.207899570523,
      "Philadelphia 76ers": 1657.5478322988301,
      "Utah Jazz": 1004.7285980220599,
      "Brooklyn Nets": 1093.4150116604758,
      "Dallas Mavericks": 1241.137653028097,
      "Sacramento Kings": 1320.6976511675152,
      "New York Knicks": 1893.6011625171016,
      "LA Clippers": 1488.3435504051315,
      "Washington Wizards": 795.8433500042258,
      "Orlando Magic": 1637.107686075858,
      "Memphis Grizzlies": 1058.2341975335107,
      "Detroit Pistons": 1704.5225803078383,
      "Boston Celtics": 1751.1199294480873,
      "Charlotte Hornets": 1722.3822168429106,
      "Team Stars": 1689.770130494894,
      "World": 1316.0940306145765,
      "Team Stripes": 1494.1358388905298
    }
  },
  "feature_names": [
    "elo_diff",
    "elo_a",
    "elo_b",
    "win_pct_a",
    "win_pct_b",
    "win_pct_diff",
    "ppg_a",
    "ppg_b",
    "oppg_a",
    "oppg_b",
    "diff_a",
    "diff_b",
    "streak_a",
    "streak_b",
    "b2b_a",
    "b2b_b",
    "b2b_adv",
    "both_b2b",
    "home_away"
  ],
  "has_model": true,
  "rmse": 7.8262124307358825,
  "saved_at": "2026-05-25T09:00:27.379171"
}