{
  "elo": {
    "ratings": {
      "Miami Heat": 1583.6584872346498,
      "Phoenix Suns": 1385.064412591933,
      "Houston Rockets": 1465.076950738396,
      "Chicago Bulls": 1060.8447602748201,
      "Minnesota Timberwolves": 1893.8264866766015,
      "Milwaukee Bucks": 1146.9141770023627,
      "Denver Nuggets": 1785.0107063021387,
      "New Orleans Pelicans": 1122.2731919098214,
      "Oklahoma City Thunder": 2008.4622626348182,
      "San Antonio Spurs": 2084.149522834552,
      "Los Angeles Lakers": 1519.2757837055265,
      "Atlanta Hawks": 1932.9856001926778,
      "Golden State Warriors": 1342.1701646504744,
      "Portland Trail Blazers": 1687.5563246985478,
      "Toronto Raptors": 1755.8148636212052,
      "Indiana Pacers": 1311.0202889787927,
      "Cleveland Cavaliers": 1780.2751103165463,
      "Philadelphia 76ers": 1751.4680035374136,
      "Utah Jazz": 902.6513623138225,
      "Brooklyn Nets": 1023.3184827446141,
      "Dallas Mavericks": 1317.698241926008,
      "Sacramento Kings": 1281.7700338176744,
      "New York Knicks": 2382.6464153166767,
      "LA Clippers": 1257.0593543631906,
      "Washington Wizards": 599.1330655372019,
      "Orlando Magic": 1638.1818717836384,
      "Memphis Grizzlies": 831.2485026643892,
      "Detroit Pistons": 1722.6940972008097,
      "Boston Celtics": 1640.3305273409985,
      "Charlotte Hornets": 1787.4209470896944,
      "Team Stars": 1689.770130494894,
      "World": 1316.0940306145765,
      "Team Stripes": 1494.1358388905298
    }
  },
  "feature_names": [
    "elo_diff",
    "elo_a",
    "elo_b",
    "win_pct_a",
    "win_pct_b",
    "win_pct_diff",
    "ppg_a",
    "ppg_b",
    "oppg_a",
    "oppg_b",
    "diff_a",
    "diff_b",
    "streak_a",
    "streak_b",
    "b2b_a",
    "b2b_b",
    "b2b_adv",
    "both_b2b",
    "home_away"
  ],
  "has_model": true,
  "rmse": 11.717532053245396,
  "saved_at": "2026-07-23T09:00:25.969246"
}