{
  "elo": {
    "ratings": {
      "Miami Heat": 1515.0115242955724,
      "Phoenix Suns": 1463.9332460538221,
      "Houston Rockets": 1632.7584681503092,
      "Chicago Bulls": 1189.3981665889207,
      "Minnesota Timberwolves": 1712.6558695174908,
      "Milwaukee Bucks": 1167.159093894841,
      "Denver Nuggets": 1803.4490341712635,
      "New Orleans Pelicans": 1337.4209282371858,
      "Oklahoma City Thunder": 2009.3986449172064,
      "San Antonio Spurs": 1960.8491181367099,
      "Los Angeles Lakers": 1781.4569885670094,
      "Atlanta Hawks": 1733.086342437492,
      "Golden State Warriors": 1273.1900824479299,
      "Portland Trail Blazers": 1658.625070209907,
      "Toronto Raptors": 1542.8822575512788,
      "Indiana Pacers": 1257.5591154984295,
      "Cleveland Cavaliers": 1626.9851169460626,
      "Philadelphia 76ers": 1665.4812910890876,
      "Utah Jazz": 1007.1285656504476,
      "Brooklyn Nets": 1127.1510765084656,
      "Dallas Mavericks": 1283.8424375417878,
      "Sacramento Kings": 1313.0528166709432,
      "New York Knicks": 1936.6877502986918,
      "LA Clippers": 1484.8628975931122,
      "Washington Wizards": 753.1870212152844,
      "Orlando Magic": 1640.6109816780502,
      "Memphis Grizzlies": 1006.5197345728506,
      "Detroit Pistons": 1671.5488835539568,
      "Boston Celtics": 1749.571435590051,
      "Charlotte Hornets": 1694.536040415833,
      "Team Stars": 1689.770130494894,
      "World": 1316.0940306145765,
      "Team Stripes": 1494.1358388905298
    }
  },
  "feature_names": [
    "elo_diff",
    "elo_a",
    "elo_b",
    "win_pct_a",
    "win_pct_b",
    "win_pct_diff",
    "ppg_a",
    "ppg_b",
    "oppg_a",
    "oppg_b",
    "diff_a",
    "diff_b",
    "streak_a",
    "streak_b",
    "b2b_a",
    "b2b_b",
    "b2b_adv",
    "both_b2b",
    "home_away"
  ],
  "has_model": true,
  "rmse": 8.074518249357052,
  "saved_at": "2026-06-03T09:00:26.470869"
}