{
  "elo": {
    "ratings": {
      "Miami Heat": 1523.8684302630675,
      "Phoenix Suns": 1427.9869828779272,
      "Houston Rockets": 1596.4359740433429,
      "Chicago Bulls": 1189.585861387711,
      "Minnesota Timberwolves": 1675.6900911895323,
      "Milwaukee Bucks": 1322.1887421217455,
      "Denver Nuggets": 1697.3466079360887,
      "New Orleans Pelicans": 1382.9007040184772,
      "Oklahoma City Thunder": 1920.2759787670373,
      "San Antonio Spurs": 1934.7382517373571,
      "Los Angeles Lakers": 1720.1843193190114,
      "Atlanta Hawks": 1678.75316144617,
      "Golden State Warriors": 1332.390031177175,
      "Portland Trail Blazers": 1597.2409633530374,
      "Toronto Raptors": 1548.9626252827939,
      "Indiana Pacers": 1157.3169268573408,
      "Cleveland Cavaliers": 1679.6550128115223,
      "Philadelphia 76ers": 1666.978459867908,
      "Utah Jazz": 1121.7735070362637,
      "Brooklyn Nets": 1087.477611214341,
      "Dallas Mavericks": 1259.5625291482886,
      "Sacramento Kings": 1247.6478754011455,
      "New York Knicks": 1775.9728462916767,
      "LA Clippers": 1512.7858241016118,
      "Washington Wizards": 962.4689960093569,
      "Orlando Magic": 1642.764007015024,
      "Memphis Grizzlies": 1103.761647314037,
      "Detroit Pistons": 1769.5589835483893,
      "Boston Celtics": 1777.7442602982146,
      "Charlotte Hornets": 1685.982788164403,
      "Team Stars": 1666.745766352983,
      "World": 1352.8300401029992,
      "Team Stripes": 1480.424193544018
    }
  },
  "feature_names": [
    "elo_diff",
    "elo_a",
    "elo_b",
    "win_pct_a",
    "win_pct_b",
    "win_pct_diff",
    "ppg_a",
    "ppg_b",
    "oppg_a",
    "oppg_b",
    "diff_a",
    "diff_b",
    "streak_a",
    "streak_b",
    "b2b_a",
    "b2b_b",
    "b2b_adv",
    "both_b2b",
    "home_away"
  ],
  "has_model": true,
  "rmse": 7.784136349057877,
  "saved_at": "2026-05-04T09:00:26.066815"
}