{
  "elo": {
    "ratings": {
      "Miami Heat": 1529.1619661601947,
      "Phoenix Suns": 1422.4351206942597,
      "Houston Rockets": 1603.404406481621,
      "Chicago Bulls": 1189.355111559377,
      "Minnesota Timberwolves": 1672.8483581261883,
      "Milwaukee Bucks": 1312.493510073039,
      "Denver Nuggets": 1702.7175883437947,
      "New Orleans Pelicans": 1391.929667704618,
      "Oklahoma City Thunder": 1923.2498120179498,
      "San Antonio Spurs": 1935.9994698014668,
      "Los Angeles Lakers": 1722.8440550521684,
      "Atlanta Hawks": 1670.1877412189604,
      "Golden State Warriors": 1335.3437368245127,
      "Portland Trail Blazers": 1607.9136696651096,
      "Toronto Raptors": 1553.841655791481,
      "Indiana Pacers": 1168.3337123466574,
      "Cleveland Cavaliers": 1673.2142407091335,
      "Philadelphia 76ers": 1672.9941832269328,
      "Utah Jazz": 1111.7201686143076,
      "Brooklyn Nets": 1087.3834202947717,
      "Dallas Mavericks": 1260.3659486034776,
      "Sacramento Kings": 1266.0350091669684,
      "New York Knicks": 1771.230836932449,
      "LA Clippers": 1526.3543577461319,
      "Washington Wizards": 959.7074166146266,
      "Orlando Magic": 1640.436248011624,
      "Memphis Grizzlies": 1080.6819922125846,
      "Detroit Pistons": 1772.6847346750112,
      "Boston Celtics": 1751.5100679797597,
      "Charlotte Hornets": 1683.6217933508212,
      "Team Stars": 1671.3294711793853,
      "World": 1345.949411060967,
      "Team Stripes": 1482.721117759648
    }
  },
  "feature_names": [
    "elo_diff",
    "elo_a",
    "elo_b",
    "win_pct_a",
    "win_pct_b",
    "win_pct_diff",
    "ppg_a",
    "ppg_b",
    "oppg_a",
    "oppg_b",
    "diff_a",
    "diff_b",
    "streak_a",
    "streak_b",
    "b2b_a",
    "b2b_b",
    "b2b_adv",
    "both_b2b",
    "home_away"
  ],
  "has_model": true,
  "rmse": 7.699532552524114,
  "saved_at": "2026-05-05T09:00:24.127137"
}