{
  "elo": {
    "ratings": {
      "Miami Heat": 1542.7667074371805,
      "Phoenix Suns": 1455.552797617743,
      "Houston Rockets": 1614.6152271397666,
      "Chicago Bulls": 1198.7403250738078,
      "Minnesota Timberwolves": 1737.503710072533,
      "Milwaukee Bucks": 1291.0764807720552,
      "Denver Nuggets": 1734.723445062894,
      "New Orleans Pelicans": 1371.2741632413254,
      "Oklahoma City Thunder": 1976.0447980322208,
      "San Antonio Spurs": 1894.3559427488278,
      "Los Angeles Lakers": 1726.6506493288216,
      "Atlanta Hawks": 1696.960989157022,
      "Golden State Warriors": 1308.58124499537,
      "Portland Trail Blazers": 1609.858281401915,
      "Toronto Raptors": 1556.299408407898,
      "Indiana Pacers": 1146.4312008164607,
      "Cleveland Cavaliers": 1654.0946565133793,
      "Philadelphia 76ers": 1639.0685007213967,
      "Utah Jazz": 1056.7031033398314,
      "Brooklyn Nets": 1077.5422654866554,
      "Dallas Mavericks": 1267.1815974718913,
      "Sacramento Kings": 1297.9599472741552,
      "New York Knicks": 1823.9471961911443,
      "LA Clippers": 1499.714974726112,
      "Washington Wizards": 906.4471037525371,
      "Orlando Magic": 1656.005267706333,
      "Memphis Grizzlies": 1063.5956410669694,
      "Detroit Pistons": 1773.835970003219,
      "Boston Celtics": 1757.7975285598473,
      "Charlotte Hornets": 1664.6708758806835,
      "Team Stars": 1684.8617552955172,
      "World": 1324.3529574930965,
      "Team Stripes": 1490.7852872113865
    }
  },
  "feature_names": [
    "elo_diff",
    "elo_a",
    "elo_b",
    "win_pct_a",
    "win_pct_b",
    "win_pct_diff",
    "ppg_a",
    "ppg_b",
    "oppg_a",
    "oppg_b",
    "diff_a",
    "diff_b",
    "streak_a",
    "streak_b",
    "b2b_a",
    "b2b_b",
    "b2b_adv",
    "both_b2b",
    "home_away"
  ],
  "has_model": true,
  "rmse": 7.496429793483119,
  "saved_at": "2026-05-12T09:00:24.066268"
}