{
  "elo": {
    "ratings": {
      "Miami Heat": 1583.6584872346498,
      "Phoenix Suns": 1391.9001339815798,
      "Houston Rockets": 1459.3475884484558,
      "Chicago Bulls": 1060.8447602748201,
      "Minnesota Timberwolves": 1896.417960995341,
      "Milwaukee Bucks": 1146.9141770023627,
      "Denver Nuggets": 1781.1797838385955,
      "New Orleans Pelicans": 1122.2731919098214,
      "Oklahoma City Thunder": 1997.1908494451634,
      "San Antonio Spurs": 2067.289670429198,
      "Los Angeles Lakers": 1540.3854419203221,
      "Atlanta Hawks": 1952.8688956407323,
      "Golden State Warriors": 1342.1701646504744,
      "Portland Trail Blazers": 1705.0101886684292,
      "Toronto Raptors": 1753.4973381006948,
      "Indiana Pacers": 1311.0202889787927,
      "Cleveland Cavaliers": 1770.7804100179364,
      "Philadelphia 76ers": 1746.7430980147817,
      "Utah Jazz": 902.6513623138225,
      "Brooklyn Nets": 1023.3184827446141,
      "Dallas Mavericks": 1317.698241926008,
      "Sacramento Kings": 1281.7700338176744,
      "New York Knicks": 2335.9732294368378,
      "LA Clippers": 1257.0593543631906,
      "Washington Wizards": 599.1330655372019,
      "Orlando Magic": 1654.4950353515856,
      "Memphis Grizzlies": 831.2485026643892,
      "Detroit Pistons": 1727.0487826398173,
      "Boston Celtics": 1652.6905325630078,
      "Charlotte Hornets": 1787.4209470896944,
      "Team Stars": 1689.770130494894,
      "World": 1316.0940306145765,
      "Team Stripes": 1494.1358388905298
    }
  },
  "feature_names": [
    "elo_diff",
    "elo_a",
    "elo_b",
    "win_pct_a",
    "win_pct_b",
    "win_pct_diff",
    "ppg_a",
    "ppg_b",
    "oppg_a",
    "oppg_b",
    "diff_a",
    "diff_b",
    "streak_a",
    "streak_b",
    "b2b_a",
    "b2b_b",
    "b2b_adv",
    "both_b2b",
    "home_away"
  ],
  "has_model": true,
  "rmse": 11.901865387946446,
  "saved_at": "2026-07-21T09:00:22.860170"
}