{
  "elo": {
    "ratings": {
      "Miami Heat": 1456.5718244612287,
      "Phoenix Suns": 1447.3982660662277,
      "Houston Rockets": 1639.3043959609772,
      "Chicago Bulls": 1133.2017061234712,
      "Minnesota Timberwolves": 1749.6472986897377,
      "Milwaukee Bucks": 1177.1574714058713,
      "Denver Nuggets": 1836.8687554510436,
      "New Orleans Pelicans": 1305.3554454476418,
      "Oklahoma City Thunder": 1982.4257827407314,
      "San Antonio Spurs": 1907.0578737085407,
      "Los Angeles Lakers": 1765.087774023814,
      "Atlanta Hawks": 1742.5665371781824,
      "Golden State Warriors": 1292.1349625138573,
      "Portland Trail Blazers": 1692.9371586030716,
      "Toronto Raptors": 1546.3815382969296,
      "Indiana Pacers": 1276.4174306472362,
      "Cleveland Cavaliers": 1645.0740005816624,
      "Philadelphia 76ers": 1693.1081344202835,
      "Utah Jazz": 963.0014461971215,
      "Brooklyn Nets": 1088.2093122225378,
      "Dallas Mavericks": 1287.3258960566436,
      "Sacramento Kings": 1337.6624873015205,
      "New York Knicks": 2031.2003147702683,
      "LA Clippers": 1446.337550092924,
      "Washington Wizards": 762.7482138284768,
      "Orlando Magic": 1623.3442588098349,
      "Memphis Grizzlies": 994.3386605468953,
      "Detroit Pistons": 1704.6489379759687,
      "Boston Celtics": 1746.4576969445816,
      "Charlotte Hornets": 1726.028868932712,
      "Team Stars": 1689.770130494894,
      "World": 1316.0940306145765,
      "Team Stripes": 1494.1358388905298
    }
  },
  "feature_names": [
    "elo_diff",
    "elo_a",
    "elo_b",
    "win_pct_a",
    "win_pct_b",
    "win_pct_diff",
    "ppg_a",
    "ppg_b",
    "oppg_a",
    "oppg_b",
    "diff_a",
    "diff_b",
    "streak_a",
    "streak_b",
    "b2b_a",
    "b2b_b",
    "b2b_adv",
    "both_b2b",
    "home_away"
  ],
  "has_model": true,
  "rmse": 7.979831021818013,
  "saved_at": "2026-06-09T09:00:25.232475"
}