{
  "elo": {
    "ratings": {
      "Miami Heat": 1498.3791498457426,
      "Phoenix Suns": 1457.6324401521174,
      "Houston Rockets": 1586.275250699057,
      "Chicago Bulls": 1204.022970121747,
      "Minnesota Timberwolves": 1655.1136971556643,
      "Milwaukee Bucks": 1310.0625338122393,
      "Denver Nuggets": 1674.0622547477847,
      "New Orleans Pelicans": 1375.8934072324785,
      "Oklahoma City Thunder": 1888.0591650725269,
      "San Antonio Spurs": 1894.6990625693036,
      "Los Angeles Lakers": 1737.056922203865,
      "Atlanta Hawks": 1729.5782793835158,
      "Golden State Warriors": 1337.477482427885,
      "Portland Trail Blazers": 1564.0612627312225,
      "Toronto Raptors": 1506.9646867938354,
      "Indiana Pacers": 1191.7088863563924,
      "Cleveland Cavaliers": 1720.298863606631,
      "Philadelphia 76ers": 1628.8851692093058,
      "Utah Jazz": 1085.4669033959601,
      "Brooklyn Nets": 1125.9036733183805,
      "Dallas Mavericks": 1245.5497788868854,
      "Sacramento Kings": 1239.4405831792758,
      "New York Knicks": 1726.8618318696665,
      "LA Clippers": 1508.687120852436,
      "Washington Wizards": 1050.942555445869,
      "Orlando Magic": 1654.8341403940115,
      "Memphis Grizzlies": 1112.9972190899111,
      "Detroit Pistons": 1770.9953829762687,
      "Boston Celtics": 1806.028310493631,
      "Charlotte Hornets": 1712.0610159763885,
      "Team Stars": 1631.181307865836,
      "World": 1398.4771190782656,
      "Team Stripes": 1470.3415730558984
    }
  },
  "feature_names": [
    "elo_diff",
    "elo_a",
    "elo_b",
    "win_pct_a",
    "win_pct_b",
    "win_pct_diff",
    "ppg_a",
    "ppg_b",
    "oppg_a",
    "oppg_b",
    "diff_a",
    "diff_b",
    "streak_a",
    "streak_b",
    "b2b_a",
    "b2b_b",
    "b2b_adv",
    "both_b2b",
    "home_away"
  ],
  "has_model": true,
  "rmse": 7.8265024028221255,
  "saved_at": "2026-04-25T16:51:02.832696"
}