{
  "elo": {
    "ratings": {
      "Miami Heat": 1522.9900354975716,
      "Phoenix Suns": 1472.5161671369883,
      "Houston Rockets": 1614.5553705019893,
      "Chicago Bulls": 1211.2780725279908,
      "Minnesota Timberwolves": 1724.5344418939324,
      "Milwaukee Bucks": 1165.5179490485727,
      "Denver Nuggets": 1778.0578769016035,
      "New Orleans Pelicans": 1364.9453058513639,
      "Oklahoma City Thunder": 2061.0677892871795,
      "San Antonio Spurs": 1918.977445374353,
      "Los Angeles Lakers": 1772.607964991807,
      "Atlanta Hawks": 1732.1378803563991,
      "Golden State Warriors": 1271.0924771083846,
      "Portland Trail Blazers": 1639.6955817179132,
      "Toronto Raptors": 1546.444845965531,
      "Indiana Pacers": 1198.5283712799717,
      "Cleveland Cavaliers": 1640.2893068225872,
      "Philadelphia 76ers": 1653.1357308333324,
      "Utah Jazz": 1001.9495653555548,
      "Brooklyn Nets": 1108.2686368766674,
      "Dallas Mavericks": 1249.8745767227954,
      "Sacramento Kings": 1300.6194865756563,
      "New York Knicks": 1926.3652900161305,
      "LA Clippers": 1496.7890533638383,
      "Washington Wizards": 770.9312598310287,
      "Orlando Magic": 1634.190306077154,
      "Memphis Grizzlies": 1067.207854046732,
      "Detroit Pistons": 1686.8961490270603,
      "Boston Celtics": 1745.7284395364513,
      "Charlotte Hornets": 1722.806769473452,
      "Team Stars": 1689.770130494894,
      "World": 1316.0940306145765,
      "Team Stripes": 1494.1358388905298
    }
  },
  "feature_names": [
    "elo_diff",
    "elo_a",
    "elo_b",
    "win_pct_a",
    "win_pct_b",
    "win_pct_diff",
    "ppg_a",
    "ppg_b",
    "oppg_a",
    "oppg_b",
    "diff_a",
    "diff_b",
    "streak_a",
    "streak_b",
    "b2b_a",
    "b2b_b",
    "b2b_adv",
    "both_b2b",
    "home_away"
  ],
  "has_model": true,
  "rmse": 7.917304032962659,
  "saved_at": "2026-05-28T09:00:25.748640"
}