{
  "elo": {
    "ratings": {
      "Miami Heat": 1517.8102623774262,
      "Phoenix Suns": 1469.309891338358,
      "Houston Rockets": 1619.3029315913514,
      "Chicago Bulls": 1209.5352019733953,
      "Minnesota Timberwolves": 1715.0365427580175,
      "Milwaukee Bucks": 1159.7448640774544,
      "Denver Nuggets": 1790.04998001312,
      "New Orleans Pelicans": 1354.3136067004943,
      "Oklahoma City Thunder": 2060.9315137587996,
      "San Antonio Spurs": 1929.387159844022,
      "Los Angeles Lakers": 1778.5079178627661,
      "Atlanta Hawks": 1734.1336960801314,
      "Golden State Warriors": 1269.3737897526148,
      "Portland Trail Blazers": 1647.3437209594902,
      "Toronto Raptors": 1543.5802235978792,
      "Indiana Pacers": 1221.2451995724136,
      "Cleveland Cavaliers": 1635.60313101542,
      "Philadelphia 76ers": 1653.8500203267376,
      "Utah Jazz": 1007.6335780344444,
      "Brooklyn Nets": 1114.11153931295,
      "Dallas Mavericks": 1269.6337734853923,
      "Sacramento Kings": 1290.699725381266,
      "New York Knicks": 1931.5668249691898,
      "LA Clippers": 1498.1023200654852,
      "Washington Wizards": 760.0500429289924,
      "Orlando Magic": 1639.523082738249,
      "Memphis Grizzlies": 1044.7108604611033,
      "Detroit Pistons": 1675.6509589612529,
      "Boston Celtics": 1741.4481816856123,
      "Charlotte Hornets": 1717.809458376163,
      "Team Stars": 1689.770130494894,
      "World": 1316.0940306145765,
      "Team Stripes": 1494.1358388905298
    }
  },
  "feature_names": [
    "elo_diff",
    "elo_a",
    "elo_b",
    "win_pct_a",
    "win_pct_b",
    "win_pct_diff",
    "ppg_a",
    "ppg_b",
    "oppg_a",
    "oppg_b",
    "diff_a",
    "diff_b",
    "streak_a",
    "streak_b",
    "b2b_a",
    "b2b_b",
    "b2b_adv",
    "both_b2b",
    "home_away"
  ],
  "has_model": true,
  "rmse": 7.8606899879209395,
  "saved_at": "2026-05-30T09:00:26.660312"
}