{
  "elo": {
    "ratings": {
      "Miami Heat": 1524.606973168625,
      "Phoenix Suns": 1464.8335079660123,
      "Houston Rockets": 1618.5585614047409,
      "Chicago Bulls": 1200.5257866008276,
      "Minnesota Timberwolves": 1720.7587116220593,
      "Milwaukee Bucks": 1226.0445596910454,
      "Denver Nuggets": 1750.4137065467535,
      "New Orleans Pelicans": 1385.024285678502,
      "Oklahoma City Thunder": 2031.3164270613743,
      "San Antonio Spurs": 1934.164386323138,
      "Los Angeles Lakers": 1728.4361488558861,
      "Atlanta Hawks": 1717.3594381242517,
      "Golden State Warriors": 1310.6857438187847,
      "Portland Trail Blazers": 1615.1858716541499,
      "Toronto Raptors": 1558.2676684042908,
      "Indiana Pacers": 1114.8653390648194,
      "Cleveland Cavaliers": 1686.7044490428812,
      "Philadelphia 76ers": 1657.1458259578153,
      "Utah Jazz": 1010.8457896269807,
      "Brooklyn Nets": 1084.3537957232159,
      "Dallas Mavericks": 1266.9007606420312,
      "Sacramento Kings": 1320.8513863676505,
      "New York Knicks": 1864.0171333839464,
      "LA Clippers": 1476.2428920353266,
      "Washington Wizards": 847.7049076185309,
      "Orlando Magic": 1652.5440299833867,
      "Memphis Grizzlies": 1052.884892873058,
      "Detroit Pistons": 1714.3651648699051,
      "Boston Celtics": 1768.5792720932905,
      "Charlotte Hornets": 1695.8125837967143,
      "Team Stars": 1689.770130494894,
      "World": 1316.0940306145765,
      "Team Stripes": 1494.1358388905298
    }
  },
  "feature_names": [
    "elo_diff",
    "elo_a",
    "elo_b",
    "win_pct_a",
    "win_pct_b",
    "win_pct_diff",
    "ppg_a",
    "ppg_b",
    "oppg_a",
    "oppg_b",
    "diff_a",
    "diff_b",
    "streak_a",
    "streak_b",
    "b2b_a",
    "b2b_b",
    "b2b_adv",
    "both_b2b",
    "home_away"
  ],
  "has_model": true,
  "rmse": 7.690636588191112,
  "saved_at": "2026-05-21T09:00:26.817856"
}