{
  "elo": {
    "ratings": {
      "Miami Heat": 1480.3978647656932,
      "Phoenix Suns": 1465.1648544682646,
      "Houston Rockets": 1639.6591103059368,
      "Chicago Bulls": 1165.6824974082026,
      "Minnesota Timberwolves": 1732.8586354038746,
      "Milwaukee Bucks": 1169.6201708268102,
      "Denver Nuggets": 1825.0797040869538,
      "New Orleans Pelicans": 1323.8276817386795,
      "Oklahoma City Thunder": 1995.4674041446465,
      "San Antonio Spurs": 1939.6503531110172,
      "Los Angeles Lakers": 1776.8759098878477,
      "Atlanta Hawks": 1728.419266539796,
      "Golden State Warriors": 1254.5681530908787,
      "Portland Trail Blazers": 1674.0651063113623,
      "Toronto Raptors": 1540.648878990941,
      "Indiana Pacers": 1269.1541451442527,
      "Cleveland Cavaliers": 1632.4346730860066,
      "Philadelphia 76ers": 1674.7950706168106,
      "Utah Jazz": 996.365734389837,
      "Brooklyn Nets": 1108.4941501108606,
      "Dallas Mavericks": 1286.4911291488236,
      "Sacramento Kings": 1333.6078167954433,
      "New York Knicks": 1958.1871612463608,
      "LA Clippers": 1480.8925237590324,
      "Washington Wizards": 760.0982984749088,
      "Orlando Magic": 1627.9705660787304,
      "Memphis Grizzlies": 996.6413841400183,
      "Detroit Pistons": 1692.0950520219365,
      "Boston Celtics": 1749.194055458474,
      "Charlotte Hornets": 1721.5926484475938,
      "Team Stars": 1689.770130494894,
      "World": 1316.0940306145765,
      "Team Stripes": 1494.1358388905298
    }
  },
  "feature_names": [
    "elo_diff",
    "elo_a",
    "elo_b",
    "win_pct_a",
    "win_pct_b",
    "win_pct_diff",
    "ppg_a",
    "ppg_b",
    "oppg_a",
    "oppg_b",
    "diff_a",
    "diff_b",
    "streak_a",
    "streak_b",
    "b2b_a",
    "b2b_b",
    "b2b_adv",
    "both_b2b",
    "home_away"
  ],
  "has_model": true,
  "rmse": 7.909029754881034,
  "saved_at": "2026-06-06T09:00:26.021665"
}