{
  "elo": {
    "ratings": {
      "Miami Heat": 1516.507301613285,
      "Phoenix Suns": 1445.5051365609547,
      "Houston Rockets": 1611.5356700738312,
      "Chicago Bulls": 1224.742713297148,
      "Minnesota Timberwolves": 1615.131554029683,
      "Milwaukee Bucks": 1315.048888833889,
      "Denver Nuggets": 1680.4426743852855,
      "New Orleans Pelicans": 1402.7464235329846,
      "Oklahoma City Thunder": 1851.1312376652409,
      "San Antonio Spurs": 1867.6465104141573,
      "Los Angeles Lakers": 1713.7202944864398,
      "Atlanta Hawks": 1712.4187264216018,
      "Golden State Warriors": 1354.5126345333947,
      "Portland Trail Blazers": 1559.131970666341,
      "Toronto Raptors": 1512.9133597333173,
      "Indiana Pacers": 1201.595940008931,
      "Cleveland Cavaliers": 1746.7703982948217,
      "Philadelphia 76ers": 1631.7616905795626,
      "Utah Jazz": 1093.3388355007673,
      "Brooklyn Nets": 1130.778383498951,
      "Dallas Mavericks": 1240.9309238050632,
      "Sacramento Kings": 1244.4051671643829,
      "New York Knicks": 1744.5857772366935,
      "LA Clippers": 1508.5804486877275,
      "Washington Wizards": 1063.675413663935,
      "Orlando Magic": 1645.6577509761305,
      "Memphis Grizzlies": 1114.443652350769,
      "Detroit Pistons": 1762.8662238212091,
      "Boston Celtics": 1779.9313263871832,
      "Charlotte Hornets": 1707.5429717763172,
      "Team Stars": 1610.5962871650656,
      "World": 1419.5313994340445,
      "Team Stripes": 1469.8723134008899
    }
  },
  "feature_names": [
    "elo_diff",
    "elo_a",
    "elo_b",
    "win_pct_a",
    "win_pct_b",
    "win_pct_diff",
    "ppg_a",
    "ppg_b",
    "oppg_a",
    "oppg_b",
    "diff_a",
    "diff_b",
    "streak_a",
    "streak_b",
    "b2b_a",
    "b2b_b",
    "b2b_adv",
    "both_b2b",
    "home_away"
  ],
  "has_model": true,
  "rmse": 7.921189358338615,
  "saved_at": "2026-04-24T09:00:26.315106"
}