{
  "elo": {
    "ratings": {
      "Miami Heat": 1515.1468346198012,
      "Phoenix Suns": 1455.8044171425136,
      "Houston Rockets": 1620.98208622737,
      "Chicago Bulls": 1203.986579052752,
      "Minnesota Timberwolves": 1712.4956419445734,
      "Milwaukee Bucks": 1164.7782439318266,
      "Denver Nuggets": 1804.2406580112495,
      "New Orleans Pelicans": 1348.0666412978737,
      "Oklahoma City Thunder": 2020.5979905675545,
      "San Antonio Spurs": 1958.7714023369554,
      "Los Angeles Lakers": 1779.3090437087917,
      "Atlanta Hawks": 1732.3686064478661,
      "Golden State Warriors": 1284.2025218214346,
      "Portland Trail Blazers": 1656.3405960583655,
      "Toronto Raptors": 1542.0714231532518,
      "Indiana Pacers": 1251.2321092715783,
      "Cleveland Cavaliers": 1627.8153689036917,
      "Philadelphia 76ers": 1662.2484140714826,
      "Utah Jazz": 1013.1636161631366,
      "Brooklyn Nets": 1123.5719169196757,
      "Dallas Mavericks": 1282.0263755995857,
      "Sacramento Kings": 1299.5281016431243,
      "New York Knicks": 1933.432024503388,
      "LA Clippers": 1486.43469604798,
      "Washington Wizards": 749.2175927321296,
      "Orlando Magic": 1641.8002515008538,
      "Memphis Grizzlies": 1012.8102186512755,
      "Detroit Pistons": 1671.2685998759844,
      "Boston Celtics": 1744.24232664502,
      "Charlotte Hornets": 1702.0457011489077,
      "Team Stars": 1689.770130494894,
      "World": 1316.0940306145765,
      "Team Stripes": 1494.1358388905298
    }
  },
  "feature_names": [
    "elo_diff",
    "elo_a",
    "elo_b",
    "win_pct_a",
    "win_pct_b",
    "win_pct_diff",
    "ppg_a",
    "ppg_b",
    "oppg_a",
    "oppg_b",
    "diff_a",
    "diff_b",
    "streak_a",
    "streak_b",
    "b2b_a",
    "b2b_b",
    "b2b_adv",
    "both_b2b",
    "home_away"
  ],
  "has_model": true,
  "rmse": 7.882296132572312,
  "saved_at": "2026-06-02T09:00:31.515679"
}