{
  "elo": {
    "ratings": {
      "Miami Heat": 1517.7314864584123,
      "Phoenix Suns": 1436.4618640232372,
      "Houston Rockets": 1598.6538789971974,
      "Chicago Bulls": 1189.6897291868738,
      "Minnesota Timberwolves": 1671.3693223625078,
      "Milwaukee Bucks": 1324.4227413313201,
      "Denver Nuggets": 1693.3834650755748,
      "New Orleans Pelicans": 1382.461908815325,
      "Oklahoma City Thunder": 1921.2762874227549,
      "San Antonio Spurs": 1931.7088843731706,
      "Los Angeles Lakers": 1718.67912377754,
      "Atlanta Hawks": 1685.799429910098,
      "Golden State Warriors": 1328.871136761607,
      "Portland Trail Blazers": 1586.0976895019583,
      "Toronto Raptors": 1547.129650304216,
      "Indiana Pacers": 1147.849462372998,
      "Cleveland Cavaliers": 1682.1636801696181,
      "Philadelphia 76ers": 1653.1047702149112,
      "Utah Jazz": 1131.2221276518958,
      "Brooklyn Nets": 1088.032683034355,
      "Dallas Mavericks": 1258.172124170726,
      "Sacramento Kings": 1247.4981590192576,
      "New York Knicks": 1776.5983502225458,
      "LA Clippers": 1509.9312381867687,
      "Washington Wizards": 965.588746328903,
      "Orlando Magic": 1647.2969958929743,
      "Memphis Grizzlies": 1107.8562232603424,
      "Detroit Pistons": 1765.4045546714483,
      "Boston Celtics": 1798.6849145389363,
      "Charlotte Hornets": 1686.8593719625235,
      "Team Stars": 1664.2991254443714,
      "World": 1356.4076433670857,
      "Team Stripes": 1479.2932311885431
    }
  },
  "feature_names": [
    "elo_diff",
    "elo_a",
    "elo_b",
    "win_pct_a",
    "win_pct_b",
    "win_pct_diff",
    "ppg_a",
    "ppg_b",
    "oppg_a",
    "oppg_b",
    "diff_a",
    "diff_b",
    "streak_a",
    "streak_b",
    "b2b_a",
    "b2b_b",
    "b2b_adv",
    "both_b2b",
    "home_away"
  ],
  "has_model": true,
  "rmse": 7.9289647271397214,
  "saved_at": "2026-05-03T09:05:58.154266"
}