{
  "elo": {
    "ratings": {
      "Miami Heat": 1516.5446425086,
      "Phoenix Suns": 1434.9871768222363,
      "Houston Rockets": 1617.2183572402557,
      "Chicago Bulls": 1195.2404740866793,
      "Minnesota Timberwolves": 1654.246240690538,
      "Milwaukee Bucks": 1324.3172147857583,
      "Denver Nuggets": 1688.872442048839,
      "New Orleans Pelicans": 1378.2421172485845,
      "Oklahoma City Thunder": 1922.2655652977294,
      "San Antonio Spurs": 1926.1293784964423,
      "Los Angeles Lakers": 1701.4249530257462,
      "Atlanta Hawks": 1688.7939319721247,
      "Golden State Warriors": 1328.7840641914863,
      "Portland Trail Blazers": 1580.638841950855,
      "Toronto Raptors": 1533.2674787651977,
      "Indiana Pacers": 1150.8701412950948,
      "Cleveland Cavaliers": 1696.9819217793186,
      "Philadelphia 76ers": 1656.7086936146075,
      "Utah Jazz": 1127.3352664204049,
      "Brooklyn Nets": 1094.8987411888322,
      "Dallas Mavericks": 1258.4976699654658,
      "Sacramento Kings": 1244.2200394936585,
      "New York Knicks": 1772.4807901083293,
      "LA Clippers": 1500.466543669078,
      "Washington Wizards": 978.4255629896548,
      "Orlando Magic": 1665.1021077797634,
      "Memphis Grizzlies": 1124.2435385865408,
      "Detroit Pistons": 1744.9050495516606,
      "Boston Celtics": 1804.2858013843534,
      "Charlotte Hornets": 1689.6052530421625,
      "Team Stars": 1659.0480997945776,
      "World": 1363.8602117548471,
      "Team Stripes": 1477.0916884505755
    }
  },
  "feature_names": [
    "elo_diff",
    "elo_a",
    "elo_b",
    "win_pct_a",
    "win_pct_b",
    "win_pct_diff",
    "ppg_a",
    "ppg_b",
    "oppg_a",
    "oppg_b",
    "diff_a",
    "diff_b",
    "streak_a",
    "streak_b",
    "b2b_a",
    "b2b_b",
    "b2b_adv",
    "both_b2b",
    "home_away"
  ],
  "has_model": true,
  "rmse": 7.875753969163262,
  "saved_at": "2026-05-02T09:00:23.741860"
}