{
  "elo": {
    "ratings": {
      "Miami Heat": 1545.539802567403,
      "Phoenix Suns": 1452.303181304596,
      "Houston Rockets": 1604.4093763536482,
      "Chicago Bulls": 1196.8779985021451,
      "Minnesota Timberwolves": 1730.4715950896227,
      "Milwaukee Bucks": 1302.9535558676826,
      "Denver Nuggets": 1730.9291675084519,
      "New Orleans Pelicans": 1367.3596997312245,
      "Oklahoma City Thunder": 1969.2549350636764,
      "San Antonio Spurs": 1905.6521536994603,
      "Los Angeles Lakers": 1724.1078206406714,
      "Atlanta Hawks": 1688.8731880876956,
      "Golden State Warriors": 1308.5871788179666,
      "Portland Trail Blazers": 1609.7021213096698,
      "Toronto Raptors": 1552.0279672631657,
      "Indiana Pacers": 1165.2201922414981,
      "Cleveland Cavaliers": 1654.6436436113408,
      "Philadelphia 76ers": 1639.6104088896827,
      "Utah Jazz": 1072.7018834250498,
      "Brooklyn Nets": 1072.4741636688073,
      "Dallas Mavericks": 1266.4353485620852,
      "Sacramento Kings": 1290.450940346341,
      "New York Knicks": 1814.5710292449626,
      "LA Clippers": 1509.8463494733865,
      "Washington Wizards": 911.3934090989076,
      "Orlando Magic": 1648.2234935673046,
      "Memphis Grizzlies": 1064.6500375110202,
      "Detroit Pistons": 1779.9539992355758,
      "Boston Celtics": 1755.8185622911665,
      "Charlotte Hornets": 1664.9567970257879,
      "Team Stars": 1683.1232036574802,
      "World": 1327.227792258467,
      "Team Stripes": 1489.649004084053
    }
  },
  "feature_names": [
    "elo_diff",
    "elo_a",
    "elo_b",
    "win_pct_a",
    "win_pct_b",
    "win_pct_diff",
    "ppg_a",
    "ppg_b",
    "oppg_a",
    "oppg_b",
    "diff_a",
    "diff_b",
    "streak_a",
    "streak_b",
    "b2b_a",
    "b2b_b",
    "b2b_adv",
    "both_b2b",
    "home_away"
  ],
  "has_model": true,
  "rmse": 7.760481273899593,
  "saved_at": "2026-05-11T09:00:30.759058"
}