{
  "elo": {
    "ratings": {
      "Miami Heat": 1452.1670094936871,
      "Phoenix Suns": 1434.928376569016,
      "Houston Rockets": 1639.2459763904228,
      "Chicago Bulls": 1123.387789094766,
      "Minnesota Timberwolves": 1755.3243296598714,
      "Milwaukee Bucks": 1179.9345591930648,
      "Denver Nuggets": 1827.1531336362584,
      "New Orleans Pelicans": 1295.2094153401858,
      "Oklahoma City Thunder": 1979.6294596208104,
      "San Antonio Spurs": 1932.0154849675623,
      "Los Angeles Lakers": 1762.149752729436,
      "Atlanta Hawks": 1748.3101465160387,
      "Golden State Warriors": 1303.365973364185,
      "Portland Trail Blazers": 1698.41292164516,
      "Toronto Raptors": 1550.4210984802298,
      "Indiana Pacers": 1285.9244436205759,
      "Cleveland Cavaliers": 1649.781822277232,
      "Philadelphia 76ers": 1700.2844655738627,
      "Utah Jazz": 954.5653845810516,
      "Brooklyn Nets": 1085.1930039506851,
      "Dallas Mavericks": 1281.2520706903633,
      "Sacramento Kings": 1340.0912461689695,
      "New York Knicks": 2025.458257989614,
      "LA Clippers": 1436.8301139951043,
      "Washington Wizards": 762.685724394517,
      "Orlando Magic": 1621.11337964118,
      "Memphis Grizzlies": 998.76317998658,
      "Detroit Pistons": 1704.5375432724613,
      "Boston Celtics": 1748.8862279539596,
      "Charlotte Hornets": 1722.9777092031418,
      "Team Stars": 1689.770130494894,
      "World": 1316.0940306145765,
      "Team Stripes": 1494.1358388905298
    }
  },
  "feature_names": [
    "elo_diff",
    "elo_a",
    "elo_b",
    "win_pct_a",
    "win_pct_b",
    "win_pct_diff",
    "ppg_a",
    "ppg_b",
    "oppg_a",
    "oppg_b",
    "diff_a",
    "diff_b",
    "streak_a",
    "streak_b",
    "b2b_a",
    "b2b_b",
    "b2b_adv",
    "both_b2b",
    "home_away"
  ],
  "has_model": true,
  "rmse": 8.102231438539246,
  "saved_at": "2026-06-10T09:00:25.980220"
}