{
  "elo": {
    "ratings": {
      "Miami Heat": 1516.324304780576,
      "Phoenix Suns": 1480.236300854268,
      "Houston Rockets": 1622.4177538605393,
      "Chicago Bulls": 1206.3811544220218,
      "Minnesota Timberwolves": 1733.6945343949467,
      "Milwaukee Bucks": 1186.1247280130501,
      "Denver Nuggets": 1776.0192839389422,
      "New Orleans Pelicans": 1375.3647130666056,
      "Oklahoma City Thunder": 2049.152424614377,
      "San Antonio Spurs": 1920.4161557244038,
      "Los Angeles Lakers": 1754.5326597534809,
      "Atlanta Hawks": 1727.9886470624572,
      "Golden State Warriors": 1281.8738846783392,
      "Portland Trail Blazers": 1637.7861620752924,
      "Toronto Raptors": 1545.5280813193344,
      "Indiana Pacers": 1180.669893021593,
      "Cleveland Cavaliers": 1652.2927256173145,
      "Philadelphia 76ers": 1656.194003007901,
      "Utah Jazz": 1001.6823971663306,
      "Brooklyn Nets": 1099.9256975131875,
      "Dallas Mavericks": 1231.4720950444482,
      "Sacramento Kings": 1319.3365680600637,
      "New York Knicks": 1903.772855165297,
      "LA Clippers": 1488.7487265673547,
      "Washington Wizards": 786.4465517826904,
      "Orlando Magic": 1629.8581148477438,
      "Memphis Grizzlies": 1067.4960135433066,
      "Detroit Pistons": 1695.3635768667664,
      "Boston Celtics": 1749.0076537669288,
      "Charlotte Hornets": 1723.8923394704332,
      "Team Stars": 1689.770130494894,
      "World": 1316.0940306145765,
      "Team Stripes": 1494.1358388905298
    }
  },
  "feature_names": [
    "elo_diff",
    "elo_a",
    "elo_b",
    "win_pct_a",
    "win_pct_b",
    "win_pct_diff",
    "ppg_a",
    "ppg_b",
    "oppg_a",
    "oppg_b",
    "diff_a",
    "diff_b",
    "streak_a",
    "streak_b",
    "b2b_a",
    "b2b_b",
    "b2b_adv",
    "both_b2b",
    "home_away"
  ],
  "has_model": true,
  "rmse": 7.917240098524963,
  "saved_at": "2026-05-26T09:00:28.572526"
}