{
  "elo": {
    "ratings": {
      "Miami Heat": 1583.6584872346498,
      "Phoenix Suns": 1383.4569290735265,
      "Houston Rockets": 1472.1547762945636,
      "Chicago Bulls": 1060.8447602748201,
      "Minnesota Timberwolves": 1891.4451057152621,
      "Milwaukee Bucks": 1146.9141770023627,
      "Denver Nuggets": 1789.3348529434447,
      "New Orleans Pelicans": 1122.2731919098214,
      "Oklahoma City Thunder": 2011.4751103465726,
      "San Antonio Spurs": 2089.6020111623247,
      "Los Angeles Lakers": 1505.5202769078182,
      "Atlanta Hawks": 1928.6982793136488,
      "Golden State Warriors": 1342.1701646504744,
      "Portland Trail Blazers": 1682.0875824218222,
      "Toronto Raptors": 1757.3793120118874,
      "Indiana Pacers": 1311.0202889787927,
      "Cleveland Cavaliers": 1784.4767014600425,
      "Philadelphia 76ers": 1759.723849236446,
      "Utah Jazz": 902.6513623138225,
      "Brooklyn Nets": 1023.3184827446141,
      "Dallas Mavericks": 1317.698241926008,
      "Sacramento Kings": 1281.7700338176744,
      "New York Knicks": 2397.737350406122,
      "LA Clippers": 1257.0593543631906,
      "Washington Wizards": 599.1330655372019,
      "Orlando Magic": 1625.1719228302925,
      "Memphis Grizzlies": 831.2485026643892,
      "Detroit Pistons": 1725.9971820137084,
      "Boston Celtics": 1628.5576973549978,
      "Charlotte Hornets": 1787.4209470896944,
      "Team Stars": 1689.770130494894,
      "World": 1316.0940306145765,
      "Team Stripes": 1494.1358388905298
    }
  },
  "feature_names": [
    "elo_diff",
    "elo_a",
    "elo_b",
    "win_pct_a",
    "win_pct_b",
    "win_pct_diff",
    "ppg_a",
    "ppg_b",
    "oppg_a",
    "oppg_b",
    "diff_a",
    "diff_b",
    "streak_a",
    "streak_b",
    "b2b_a",
    "b2b_b",
    "b2b_adv",
    "both_b2b",
    "home_away"
  ],
  "has_model": true,
  "rmse": 11.607761397881506,
  "saved_at": "2026-07-24T09:00:23.778251"
}