{
  "elo": {
    "ratings": {
      "Miami Heat": 1583.6584872346498,
      "Phoenix Suns": 1388.3957527844416,
      "Houston Rockets": 1456.4793841770072,
      "Chicago Bulls": 1060.8447602748201,
      "Minnesota Timberwolves": 1894.6706899899682,
      "Milwaukee Bucks": 1146.9141770023627,
      "Denver Nuggets": 1783.1966024511075,
      "New Orleans Pelicans": 1122.2731919098214,
      "Oklahoma City Thunder": 2003.3925072861248,
      "San Antonio Spurs": 2078.1574542243898,
      "Los Angeles Lakers": 1535.148393280822,
      "Atlanta Hawks": 1942.146947609807,
      "Golden State Warriors": 1342.1701646504744,
      "Portland Trail Blazers": 1693.317189216052,
      "Toronto Raptors": 1754.4873849744952,
      "Indiana Pacers": 1311.0202889787927,
      "Cleveland Cavaliers": 1775.986767053995,
      "Philadelphia 76ers": 1741.5741202359504,
      "Utah Jazz": 902.6513623138225,
      "Brooklyn Nets": 1023.3184827446141,
      "Dallas Mavericks": 1317.698241926008,
      "Sacramento Kings": 1281.7700338176744,
      "New York Knicks": 2361.269397068834,
      "LA Clippers": 1257.0593543631906,
      "Washington Wizards": 599.1330655372019,
      "Orlando Magic": 1646.0377419403676,
      "Memphis Grizzlies": 831.2485026643892,
      "Detroit Pistons": 1724.6578922280753,
      "Boston Celtics": 1653.900714971042,
      "Charlotte Hornets": 1787.4209470896944,
      "Team Stars": 1689.770130494894,
      "World": 1316.0940306145765,
      "Team Stripes": 1494.1358388905298
    }
  },
  "feature_names": [
    "elo_diff",
    "elo_a",
    "elo_b",
    "win_pct_a",
    "win_pct_b",
    "win_pct_diff",
    "ppg_a",
    "ppg_b",
    "oppg_a",
    "oppg_b",
    "diff_a",
    "diff_b",
    "streak_a",
    "streak_b",
    "b2b_a",
    "b2b_b",
    "b2b_adv",
    "both_b2b",
    "home_away"
  ],
  "has_model": true,
  "rmse": 11.503309068183526,
  "saved_at": "2026-07-22T09:00:23.397408"
}