{
  "elo": {
    "ratings": {
      "Miami Heat": 1530.2221205650778,
      "Phoenix Suns": 1430.5339821860634,
      "Houston Rockets": 1611.4500914041957,
      "Chicago Bulls": 1189.1276293841172,
      "Minnesota Timberwolves": 1692.3192147015402,
      "Milwaukee Bucks": 1310.4428121922233,
      "Denver Nuggets": 1703.9680627599316,
      "New Orleans Pelicans": 1395.135848300889,
      "Oklahoma City Thunder": 1924.746481780137,
      "San Antonio Spurs": 1917.8925066024992,
      "Los Angeles Lakers": 1723.0282159911433,
      "Atlanta Hawks": 1667.8137814641002,
      "Golden State Warriors": 1325.6106103170255,
      "Portland Trail Blazers": 1610.8439476196415,
      "Toronto Raptors": 1555.0537615691821,
      "Indiana Pacers": 1170.9002190114602,
      "Cleveland Cavaliers": 1672.05841889962,
      "Philadelphia 76ers": 1672.4702786874425,
      "Utah Jazz": 1108.4442777972263,
      "Brooklyn Nets": 1087.2692331144547,
      "Dallas Mavericks": 1261.2038470002933,
      "Sacramento Kings": 1270.331255179471,
      "New York Knicks": 1773.3154556327618,
      "LA Clippers": 1529.5175930105415,
      "Washington Wizards": 943.9527956497509,
      "Orlando Magic": 1642.2361243758908,
      "Memphis Grizzlies": 1074.637445499659,
      "Detroit Pistons": 1783.2508150360059,
      "Boston Celtics": 1746.2789956651554,
      "Charlotte Hornets": 1675.9441786024965,
      "Team Stars": 1673.482849752861,
      "World": 1342.6381162932532,
      "Team Stripes": 1483.879033953886
    }
  },
  "feature_names": [
    "elo_diff",
    "elo_a",
    "elo_b",
    "win_pct_a",
    "win_pct_b",
    "win_pct_diff",
    "ppg_a",
    "ppg_b",
    "oppg_a",
    "oppg_b",
    "diff_a",
    "diff_b",
    "streak_a",
    "streak_b",
    "b2b_a",
    "b2b_b",
    "b2b_adv",
    "both_b2b",
    "home_away"
  ],
  "has_model": true,
  "rmse": 7.742164371929794,
  "saved_at": "2026-05-06T09:00:26.351379"
}