{
  "elo": {
    "ratings": {
      "Miami Heat": 1536.6066938368654,
      "Phoenix Suns": 1463.8339945918738,
      "Houston Rockets": 1623.1048372598982,
      "Chicago Bulls": 1199.698440459984,
      "Minnesota Timberwolves": 1720.0870472522213,
      "Milwaukee Bucks": 1238.613669043095,
      "Denver Nuggets": 1752.5846222712416,
      "New Orleans Pelicans": 1374.417723149389,
      "Oklahoma City Thunder": 2042.0712647489922,
      "San Antonio Spurs": 1922.4436725545827,
      "Los Angeles Lakers": 1731.7842051066164,
      "Atlanta Hawks": 1710.2598668692208,
      "Golden State Warriors": 1309.937812954149,
      "Portland Trail Blazers": 1605.0492825238948,
      "Toronto Raptors": 1561.2783447664265,
      "Indiana Pacers": 1102.095559133458,
      "Cleveland Cavaliers": 1695.8186038207502,
      "Philadelphia 76ers": 1652.32331173829,
      "Utah Jazz": 1010.3824986767333,
      "Brooklyn Nets": 1084.1526985949663,
      "Dallas Mavericks": 1266.840185681618,
      "Sacramento Kings": 1316.2536798749704,
      "New York Knicks": 1855.0282866204457,
      "LA Clippers": 1478.0008908797902,
      "Washington Wizards": 866.0564623801831,
      "Orlando Magic": 1656.6890837027718,
      "Memphis Grizzlies": 1055.7377473168472,
      "Detroit Pistons": 1722.7002800259402,
      "Boston Celtics": 1767.5559297245586,
      "Charlotte Hornets": 1678.5933044402213,
      "Team Stars": 1689.770130494894,
      "World": 1316.0940306145765,
      "Team Stripes": 1494.1358388905298
    }
  },
  "feature_names": [
    "elo_diff",
    "elo_a",
    "elo_b",
    "win_pct_a",
    "win_pct_b",
    "win_pct_diff",
    "ppg_a",
    "ppg_b",
    "oppg_a",
    "oppg_b",
    "diff_a",
    "diff_b",
    "streak_a",
    "streak_b",
    "b2b_a",
    "b2b_b",
    "b2b_adv",
    "both_b2b",
    "home_away"
  ],
  "has_model": true,
  "rmse": 7.885860870315373,
  "saved_at": "2026-05-20T09:00:45.461260"
}