{
  "elo": {
    "ratings": {
      "Miami Heat": 1536.7884788449658,
      "Phoenix Suns": 1462.112543567231,
      "Houston Rockets": 1629.9465067183103,
      "Chicago Bulls": 1198.1117363304975,
      "Minnesota Timberwolves": 1727.7587264234583,
      "Milwaukee Bucks": 1243.5421475367677,
      "Denver Nuggets": 1744.7999755576052,
      "New Orleans Pelicans": 1375.5945472101193,
      "Oklahoma City Thunder": 2048.5908927154983,
      "San Antonio Spurs": 1893.5256645213433,
      "Los Angeles Lakers": 1729.2613627805617,
      "Atlanta Hawks": 1714.4360556592858,
      "Golden State Warriors": 1308.6153885871374,
      "Portland Trail Blazers": 1604.0850911188518,
      "Toronto Raptors": 1563.5856528076383,
      "Indiana Pacers": 1103.2089626562863,
      "Cleveland Cavaliers": 1680.7246808337177,
      "Philadelphia 76ers": 1643.1017626809237,
      "Utah Jazz": 1019.8503529028364,
      "Brooklyn Nets": 1084.036748160219,
      "Dallas Mavericks": 1268.1564743451409,
      "Sacramento Kings": 1310.6108848589065,
      "New York Knicks": 1842.0305084608287,
      "LA Clippers": 1485.7781495108943,
      "Washington Wizards": 883.608672368812,
      "Orlando Magic": 1660.8624260673778,
      "Memphis Grizzlies": 1057.924236443942,
      "Detroit Pistons": 1746.5641780153237,
      "Boston Celtics": 1765.6300588779418,
      "Charlotte Hornets": 1667.1571334375737,
      "Team Stars": 1689.770130494894,
      "World": 1316.0940306145765,
      "Team Stripes": 1494.1358388905298
    }
  },
  "feature_names": [
    "elo_diff",
    "elo_a",
    "elo_b",
    "win_pct_a",
    "win_pct_b",
    "win_pct_diff",
    "ppg_a",
    "ppg_b",
    "oppg_a",
    "oppg_b",
    "diff_a",
    "diff_b",
    "streak_a",
    "streak_b",
    "b2b_a",
    "b2b_b",
    "b2b_adv",
    "both_b2b",
    "home_away"
  ],
  "has_model": true,
  "rmse": 7.629176728181127,
  "saved_at": "2026-05-17T09:00:49.846438"
}