{
  "elo": {
    "ratings": {
      "Miami Heat": 1516.595379183502,
      "Phoenix Suns": 1468.7858635152647,
      "Houston Rockets": 1620.1523056759627,
      "Chicago Bulls": 1207.2789761084016,
      "Minnesota Timberwolves": 1712.2843155515798,
      "Milwaukee Bucks": 1161.177147542184,
      "Denver Nuggets": 1796.9484221190414,
      "New Orleans Pelicans": 1351.279042788765,
      "Oklahoma City Thunder": 2058.7963195355323,
      "San Antonio Spurs": 1935.459631082092,
      "Los Angeles Lakers": 1780.18203293557,
      "Atlanta Hawks": 1733.8124211142851,
      "Golden State Warriors": 1275.553415876649,
      "Portland Trail Blazers": 1651.5556964322705,
      "Toronto Raptors": 1541.5741613705034,
      "Indiana Pacers": 1233.862398721477,
      "Cleveland Cavaliers": 1633.186199595826,
      "Philadelphia 76ers": 1654.157447450503,
      "Utah Jazz": 1009.8451188038579,
      "Brooklyn Nets": 1117.1118711953616,
      "Dallas Mavericks": 1275.3330583506886,
      "Sacramento Kings": 1288.1485864787637,
      "New York Knicks": 1931.4952639839669,
      "LA Clippers": 1492.2427489584318,
      "Washington Wizards": 755.9213022311448,
      "Orlando Magic": 1641.263481770953,
      "Memphis Grizzlies": 1031.0822878890408,
      "Detroit Pistons": 1670.9992218183372,
      "Boston Celtics": 1737.926646883396,
      "Charlotte Hornets": 1715.9892350366408,
      "Team Stars": 1689.770130494894,
      "World": 1316.0940306145765,
      "Team Stripes": 1494.1358388905298
    }
  },
  "feature_names": [
    "elo_diff",
    "elo_a",
    "elo_b",
    "win_pct_a",
    "win_pct_b",
    "win_pct_diff",
    "ppg_a",
    "ppg_b",
    "oppg_a",
    "oppg_b",
    "diff_a",
    "diff_b",
    "streak_a",
    "streak_b",
    "b2b_a",
    "b2b_b",
    "b2b_adv",
    "both_b2b",
    "home_away"
  ],
  "has_model": true,
  "rmse": 7.892249739600486,
  "saved_at": "2026-05-31T09:00:29.194397"
}