{
  "elo": {
    "ratings": {
      "Miami Heat": 1538.971889579861,
      "Phoenix Suns": 1459.4782120677378,
      "Houston Rockets": 1624.7812293781762,
      "Chicago Bulls": 1199.4742855638049,
      "Minnesota Timberwolves": 1740.3124316252342,
      "Milwaukee Bucks": 1259.0865767395117,
      "Denver Nuggets": 1740.565779792126,
      "New Orleans Pelicans": 1374.440369819771,
      "Oklahoma City Thunder": 2020.9212136743329,
      "San Antonio Spurs": 1885.3390071860194,
      "Los Angeles Lakers": 1723.0471316907615,
      "Atlanta Hawks": 1706.82697925379,
      "Golden State Warriors": 1308.5811327608094,
      "Portland Trail Blazers": 1606.407479337257,
      "Toronto Raptors": 1559.7951122922545,
      "Indiana Pacers": 1122.1232483582262,
      "Cleveland Cavaliers": 1664.5238687560284,
      "Philadelphia 76ers": 1640.6468690696042,
      "Utah Jazz": 1037.1042823818298,
      "Brooklyn Nets": 1082.3622889270555,
      "Dallas Mavericks": 1268.0351733572077,
      "Sacramento Kings": 1306.2413056844046,
      "New York Knicks": 1834.290611645909,
      "LA Clippers": 1490.204569006227,
      "Washington Wizards": 896.4982846586448,
      "Orlando Magic": 1661.4105805501897,
      "Memphis Grizzlies": 1061.1586985269737,
      "Detroit Pistons": 1760.6622534718492,
      "Boston Celtics": 1761.0964436455185,
      "Charlotte Hornets": 1665.6126911988808,
      "Team Stars": 1688.1819599888745,
      "World": 1318.7884925542464,
      "Team Stripes": 1493.0295474568793
    }
  },
  "feature_names": [
    "elo_diff",
    "elo_a",
    "elo_b",
    "win_pct_a",
    "win_pct_b",
    "win_pct_diff",
    "ppg_a",
    "ppg_b",
    "oppg_a",
    "oppg_b",
    "diff_a",
    "diff_b",
    "streak_a",
    "streak_b",
    "b2b_a",
    "b2b_b",
    "b2b_adv",
    "both_b2b",
    "home_away"
  ],
  "has_model": true,
  "rmse": 7.587260984830632,
  "saved_at": "2026-05-14T09:00:46.587571"
}