{
  "elo": {
    "ratings": {
      "Miami Heat": 1527.3335029092336,
      "Phoenix Suns": 1424.1887690280737,
      "Houston Rockets": 1600.8568027604208,
      "Chicago Bulls": 1189.537063429917,
      "Minnesota Timberwolves": 1673.2369372564474,
      "Milwaukee Bucks": 1316.370112185118,
      "Denver Nuggets": 1700.8522311126621,
      "New Orleans Pelicans": 1388.1077477414747,
      "Oklahoma City Thunder": 1922.2161151422595,
      "San Antonio Spurs": 1935.0698385908113,
      "Los Angeles Lakers": 1721.6248144259591,
      "Atlanta Hawks": 1673.685869207534,
      "Golden State Warriors": 1334.2478209797293,
      "Portland Trail Blazers": 1603.890420540232,
      "Toronto Raptors": 1552.4319781021127,
      "Indiana Pacers": 1163.8745748777194,
      "Cleveland Cavaliers": 1675.5154708727919,
      "Philadelphia 76ers": 1671.7201768427415,
      "Utah Jazz": 1115.7235872243632,
      "Brooklyn Nets": 1087.327651255241,
      "Dallas Mavericks": 1260.1218458542387,
      "Sacramento Kings": 1258.891923542827,
      "New York Knicks": 1773.2304682726783,
      "LA Clippers": 1521.1421912189014,
      "Washington Wizards": 960.7222516367739,
      "Orlando Magic": 1641.0348539930044,
      "Memphis Grizzlies": 1089.840607770462,
      "Detroit Pistons": 1771.6499955666925,
      "Boston Celtics": 1760.8494075891583,
      "Charlotte Hornets": 1684.704970070419,
      "Team Stars": 1669.0863477018506,
      "World": 1349.3453847372903,
      "Team Stripes": 1481.5682675608593
    }
  },
  "feature_names": [
    "elo_diff",
    "elo_a",
    "elo_b",
    "win_pct_a",
    "win_pct_b",
    "win_pct_diff",
    "ppg_a",
    "ppg_b",
    "oppg_a",
    "oppg_b",
    "diff_a",
    "diff_b",
    "streak_a",
    "streak_b",
    "b2b_a",
    "b2b_b",
    "b2b_adv",
    "both_b2b",
    "home_away"
  ],
  "has_model": true,
  "rmse": 7.748631073874497,
  "saved_at": "2026-05-05T00:38:54.214029"
}