{
  "elo": {
    "ratings": {
      "Miami Heat": 1515.4296043290956,
      "Phoenix Suns": 1448.228288816642,
      "Houston Rockets": 1623.6631902878844,
      "Chicago Bulls": 1260.2291187497533,
      "Minnesota Timberwolves": 1563.7610501787287,
      "Milwaukee Bucks": 1315.6230822618008,
      "Denver Nuggets": 1707.4482355936993,
      "New Orleans Pelicans": 1407.689765112609,
      "Oklahoma City Thunder": 1829.0697294493302,
      "San Antonio Spurs": 1888.2761574100557,
      "Los Angeles Lakers": 1699.7761964469173,
      "Atlanta Hawks": 1674.7522827484188,
      "Golden State Warriors": 1347.9060170395646,
      "Portland Trail Blazers": 1525.3100228322126,
      "Toronto Raptors": 1534.0290196667224,
      "Indiana Pacers": 1225.0049383420326,
      "Cleveland Cavaliers": 1749.0925773640026,
      "Philadelphia 76ers": 1596.9173567454584,
      "Utah Jazz": 1103.8355410913966,
      "Brooklyn Nets": 1140.1562310284385,
      "Dallas Mavericks": 1249.7448122415606,
      "Sacramento Kings": 1244.14533657889,
      "New York Knicks": 1774.6873550925766,
      "LA Clippers": 1512.9472429886575,
      "Washington Wizards": 1074.3436143861538,
      "Orlando Magic": 1614.279758065576,
      "Memphis Grizzlies": 1115.871917727355,
      "Detroit Pistons": 1758.0102733992878,
      "Boston Celtics": 1791.1578404387683,
      "Charlotte Hornets": 1708.6134435864105,
      "Team Stars": 1590.2799375988047,
      "World": 1437.5501374473945,
      "Team Stripes": 1472.1699249538008
    }
  },
  "feature_names": [
    "elo_diff",
    "elo_a",
    "elo_b",
    "win_pct_a",
    "win_pct_b",
    "win_pct_diff",
    "ppg_a",
    "ppg_b",
    "oppg_a",
    "oppg_b",
    "diff_a",
    "diff_b",
    "streak_a",
    "streak_b",
    "b2b_a",
    "b2b_b",
    "b2b_adv",
    "both_b2b",
    "home_away"
  ],
  "has_model": true,
  "rmse": 8.029830875245368,
  "saved_at": "2026-04-21T09:00:25.286716"
}