{
  "elo": {
    "ratings": {
      "Miami Heat": 1516.49960246561,
      "Phoenix Suns": 1452.7630588119898,
      "Houston Rockets": 1625.2431538374092,
      "Chicago Bulls": 1266.0943163648394,
      "Minnesota Timberwolves": 1560.773009418284,
      "Milwaukee Bucks": 1317.7130879402712,
      "Denver Nuggets": 1699.8986492843903,
      "New Orleans Pelicans": 1406.784479064346,
      "Oklahoma City Thunder": 1827.1544386747735,
      "San Antonio Spurs": 1878.4128315805672,
      "Los Angeles Lakers": 1699.0459230872939,
      "Atlanta Hawks": 1670.7340867931023,
      "Golden State Warriors": 1348.2387021895227,
      "Portland Trail Blazers": 1527.661383202374,
      "Toronto Raptors": 1540.17990289537,
      "Indiana Pacers": 1228.4134394471132,
      "Cleveland Cavaliers": 1751.930138786371,
      "Philadelphia 76ers": 1591.9968916143773,
      "Utah Jazz": 1114.2319392604131,
      "Brooklyn Nets": 1145.2988771876103,
      "Dallas Mavericks": 1255.1773141483036,
      "Sacramento Kings": 1241.8840829961725,
      "New York Knicks": 1767.2510600675769,
      "LA Clippers": 1511.5797188087506,
      "Washington Wizards": 1079.9853441748535,
      "Orlando Magic": 1593.3215052052087,
      "Memphis Grizzlies": 1120.808573500565,
      "Detroit Pistons": 1775.2954080975646,
      "Boston Celtics": 1785.5730487614103,
      "Charlotte Hornets": 1700.0560323335656,
      "Team Stars": 1582.2680078044484,
      "World": 1444.071047480019,
      "Team Stripes": 1473.6609447155327
    }
  },
  "feature_names": [
    "elo_diff",
    "elo_a",
    "elo_b",
    "win_pct_a",
    "win_pct_b",
    "win_pct_diff",
    "ppg_a",
    "ppg_b",
    "oppg_a",
    "oppg_b",
    "diff_a",
    "diff_b",
    "streak_a",
    "streak_b",
    "b2b_a",
    "b2b_b",
    "b2b_adv",
    "both_b2b",
    "home_away"
  ],
  "has_model": true,
  "rmse": 7.879118533273064,
  "saved_at": "2026-04-20T09:00:25.671471"
}