{
  "elo": {
    "ratings": {
      "Miami Heat": 1502.5522874070477,
      "Phoenix Suns": 1467.8855500466816,
      "Houston Rockets": 1636.1776515790755,
      "Chicago Bulls": 1178.5682782245617,
      "Minnesota Timberwolves": 1714.2177304249037,
      "Milwaukee Bucks": 1169.1302186293428,
      "Denver Nuggets": 1811.747867366047,
      "New Orleans Pelicans": 1331.802176296142,
      "Oklahoma City Thunder": 2002.990411907811,
      "San Antonio Spurs": 1961.7803691973447,
      "Los Angeles Lakers": 1781.9227369607752,
      "Atlanta Hawks": 1732.585800694448,
      "Golden State Warriors": 1265.0486966703024,
      "Portland Trail Blazers": 1665.3373579459264,
      "Toronto Raptors": 1542.5023935598267,
      "Indiana Pacers": 1262.4363062152418,
      "Cleveland Cavaliers": 1625.5620166711756,
      "Philadelphia 76ers": 1667.463437608675,
      "Utah Jazz": 1001.7536047107956,
      "Brooklyn Nets": 1130.7122768619413,
      "Dallas Mavericks": 1285.0537231896992,
      "Sacramento Kings": 1323.2657504662343,
      "New York Knicks": 1931.5279890459806,
      "LA Clippers": 1484.284056490291,
      "Washington Wizards": 756.1274444270667,
      "Orlando Magic": 1639.8006573911216,
      "Memphis Grizzlies": 1001.0528164475833,
      "Detroit Pistons": 1671.4269416696022,
      "Boston Celtics": 1752.8244334332683,
      "Charlotte Hornets": 1702.4590184610804,
      "Team Stars": 1689.770130494894,
      "World": 1316.0940306145765,
      "Team Stripes": 1494.1358388905298
    }
  },
  "feature_names": [
    "elo_diff",
    "elo_a",
    "elo_b",
    "win_pct_a",
    "win_pct_b",
    "win_pct_diff",
    "ppg_a",
    "ppg_b",
    "oppg_a",
    "oppg_b",
    "diff_a",
    "diff_b",
    "streak_a",
    "streak_b",
    "b2b_a",
    "b2b_b",
    "b2b_adv",
    "both_b2b",
    "home_away"
  ],
  "has_model": true,
  "rmse": 7.969920991406528,
  "saved_at": "2026-06-04T09:00:29.478682"
}