{
  "elo": {
    "ratings": {
      "Miami Heat": 1500.0031290968357,
      "Phoenix Suns": 1456.8728568386273,
      "Houston Rockets": 1588.8375459036636,
      "Chicago Bulls": 1206.4280311225264,
      "Minnesota Timberwolves": 1652.1629277473455,
      "Milwaukee Bucks": 1311.0265696964357,
      "Denver Nuggets": 1673.2620309995757,
      "New Orleans Pelicans": 1378.9537964426795,
      "Oklahoma City Thunder": 1883.5052593654455,
      "San Antonio Spurs": 1890.6778711765312,
      "Los Angeles Lakers": 1733.8948959596007,
      "Atlanta Hawks": 1728.308109217109,
      "Golden State Warriors": 1338.7368063955244,
      "Portland Trail Blazers": 1564.5794184889648,
      "Toronto Raptors": 1507.7827933459084,
      "Indiana Pacers": 1193.201481242335,
      "Cleveland Cavaliers": 1722.0529246252574,
      "Philadelphia 76ers": 1629.9365291144252,
      "Utah Jazz": 1087.4349401620482,
      "Brooklyn Nets": 1126.952922007935,
      "Dallas Mavericks": 1244.6027807742698,
      "Sacramento Kings": 1240.774380713379,
      "New York Knicks": 1727.423240414938,
      "LA Clippers": 1508.761612665072,
      "Washington Wizards": 1053.395809238718,
      "Orlando Magic": 1653.867230878419,
      "Memphis Grizzlies": 1113.6118314026203,
      "Detroit Pistons": 1769.9359643143089,
      "Boston Celtics": 1801.7716000415617,
      "Charlotte Hornets": 1711.2447106079373,
      "Team Stars": 1626.5894362008048,
      "World": 1403.463494906196,
      "Team Stripes": 1469.9470688929991
    }
  },
  "feature_names": [
    "elo_diff",
    "elo_a",
    "elo_b",
    "win_pct_a",
    "win_pct_b",
    "win_pct_diff",
    "ppg_a",
    "ppg_b",
    "oppg_a",
    "oppg_b",
    "diff_a",
    "diff_b",
    "streak_a",
    "streak_b",
    "b2b_a",
    "b2b_b",
    "b2b_adv",
    "both_b2b",
    "home_away"
  ],
  "has_model": true,
  "rmse": 7.873693652240821,
  "saved_at": "2026-04-25T16:48:32.059031"
}