{
  "elo": {
    "ratings": {
      "Miami Heat": 1513.8226719004433,
      "Phoenix Suns": 1432.5263776021825,
      "Houston Rockets": 1613.957303940271,
      "Chicago Bulls": 1199.1283717958106,
      "Minnesota Timberwolves": 1651.5492432786616,
      "Milwaukee Bucks": 1323.8005055383637,
      "Denver Nuggets": 1688.2703139915109,
      "New Orleans Pelicans": 1376.323978814222,
      "Oklahoma City Thunder": 1924.1890844822199,
      "San Antonio Spurs": 1922.545746153477,
      "Los Angeles Lakers": 1703.8950326268653,
      "Atlanta Hawks": 1692.6158864117428,
      "Golden State Warriors": 1328.7345831276245,
      "Portland Trail Blazers": 1575.9998115532421,
      "Toronto Raptors": 1533.2117770095472,
      "Indiana Pacers": 1156.5992392746493,
      "Cleveland Cavaliers": 1699.1745030936072,
      "Philadelphia 76ers": 1651.0049188067378,
      "Utah Jazz": 1122.9764070660976,
      "Brooklyn Nets": 1099.5981031611389,
      "Dallas Mavericks": 1258.505549091712,
      "Sacramento Kings": 1240.5358425513232,
      "New York Knicks": 1766.36064183203,
      "LA Clippers": 1502.2309277612742,
      "Washington Wizards": 988.1154224596509,
      "Orlando Magic": 1665.5199317311938,
      "Memphis Grizzlies": 1122.7800082465512,
      "Detroit Pistons": 1744.3550055353583,
      "Boston Celtics": 1810.06034442323,
      "Charlotte Hornets": 1691.612466739258,
      "Team Stars": 1656.220936911483,
      "World": 1367.7452401980677,
      "Team Stripes": 1476.0338228904495
    }
  },
  "feature_names": [
    "elo_diff",
    "elo_a",
    "elo_b",
    "win_pct_a",
    "win_pct_b",
    "win_pct_diff",
    "ppg_a",
    "ppg_b",
    "oppg_a",
    "oppg_b",
    "diff_a",
    "diff_b",
    "streak_a",
    "streak_b",
    "b2b_a",
    "b2b_b",
    "b2b_adv",
    "both_b2b",
    "home_away"
  ],
  "has_model": true,
  "rmse": 7.9143820914435725,
  "saved_at": "2026-05-02T08:43:06.338237"
}