{
  "elo": {
    "ratings": {
      "Miami Heat": 1506.4415248276368,
      "Phoenix Suns": 1464.635769613152,
      "Houston Rockets": 1587.8876309159114,
      "Chicago Bulls": 1332.4223854734896,
      "Minnesota Timberwolves": 1550.0771096918631,
      "Milwaukee Bucks": 1359.7304003658473,
      "Denver Nuggets": 1612.1951505003417,
      "New Orleans Pelicans": 1434.3364186039894,
      "Oklahoma City Thunder": 1760.8668327113025,
      "San Antonio Spurs": 1786.967527865694,
      "Los Angeles Lakers": 1637.7626420976792,
      "Atlanta Hawks": 1608.2771489177424,
      "Golden State Warriors": 1382.3995913044985,
      "Portland Trail Blazers": 1527.9871681504299,
      "Toronto Raptors": 1531.734923051294,
      "Indiana Pacers": 1310.0355087762307,
      "Cleveland Cavaliers": 1692.3323592757595,
      "Philadelphia 76ers": 1537.605620922507,
      "Utah Jazz": 1232.5928803313618,
      "Brooklyn Nets": 1254.6788897857198,
      "Dallas Mavericks": 1318.671239600721,
      "Sacramento Kings": 1332.1968889020316,
      "New York Knicks": 1672.4086700587393,
      "LA Clippers": 1547.7295048311246,
      "Washington Wizards": 1194.386241411829,
      "Orlando Magic": 1554.6127476417216,
      "Memphis Grizzlies": 1232.6973461782006,
      "Detroit Pistons": 1692.8501805419685,
      "Boston Celtics": 1707.8036258295583,
      "Charlotte Hornets": 1635.6760718216551,
      "Team Stars": 1529.21365359183,
      "World": 1481.7523918067282,
      "Team Stripes": 1489.0339546014418
    }
  },
  "feature_names": [
    "elo_diff",
    "elo_a",
    "elo_b",
    "win_pct_a",
    "win_pct_b",
    "win_pct_diff",
    "ppg_a",
    "ppg_b",
    "oppg_a",
    "oppg_b",
    "diff_a",
    "diff_b",
    "streak_a",
    "streak_b",
    "b2b_a",
    "b2b_b",
    "b2b_adv",
    "both_b2b",
    "home_away"
  ],
  "has_model": true,
  "rmse": 8.05312775818835,
  "saved_at": "2026-04-12T16:26:28.652513"
}