{
  "elo": {
    "ratings": {
      "Miami Heat": 1462.2936698869712,
      "Phoenix Suns": 1453.0510736605843,
      "Houston Rockets": 1639.0562144995956,
      "Chicago Bulls": 1145.9445426487894,
      "Minnesota Timberwolves": 1740.5543182882973,
      "Milwaukee Bucks": 1174.2099403851241,
      "Denver Nuggets": 1834.5832515940742,
      "New Orleans Pelicans": 1317.12684338594,
      "Oklahoma City Thunder": 1986.2513337530668,
      "San Antonio Spurs": 1911.1335167751167,
      "Los Angeles Lakers": 1768.4847090972842,
      "Atlanta Hawks": 1736.461098916362,
      "Golden State Warriors": 1277.875218244398,
      "Portland Trail Blazers": 1686.1426255528236,
      "Toronto Raptors": 1539.4891874816399,
      "Indiana Pacers": 1274.3865730046962,
      "Cleveland Cavaliers": 1638.4497961899474,
      "Philadelphia 76ers": 1687.9941891530532,
      "Utah Jazz": 972.6254480528339,
      "Brooklyn Nets": 1092.7032224073837,
      "Dallas Mavericks": 1287.271136221865,
      "Sacramento Kings": 1334.8147765330418,
      "New York Knicks": 2015.7641403245823,
      "LA Clippers": 1460.5096596869473,
      "Washington Wizards": 762.4214193863883,
      "Orlando Magic": 1626.335448239999,
      "Memphis Grizzlies": 995.7729317327418,
      "Detroit Pistons": 1701.7715607300029,
      "Boston Celtics": 1745.8846784124971,
      "Charlotte Hornets": 1730.6374757539463,
      "Team Stars": 1689.770130494894,
      "World": 1316.0940306145765,
      "Team Stripes": 1494.1358388905298
    }
  },
  "feature_names": [
    "elo_diff",
    "elo_a",
    "elo_b",
    "win_pct_a",
    "win_pct_b",
    "win_pct_diff",
    "ppg_a",
    "ppg_b",
    "oppg_a",
    "oppg_b",
    "diff_a",
    "diff_b",
    "streak_a",
    "streak_b",
    "b2b_a",
    "b2b_b",
    "b2b_adv",
    "both_b2b",
    "home_away"
  ],
  "has_model": true,
  "rmse": 8.018499750570822,
  "saved_at": "2026-06-08T09:00:25.247403"
}