{
  "elo": {
    "ratings": {
      "Miami Heat": 1470.1920951816044,
      "Phoenix Suns": 1461.195992572269,
      "Houston Rockets": 1640.5599441298161,
      "Chicago Bulls": 1162.1142056734968,
      "Minnesota Timberwolves": 1736.862111364477,
      "Milwaukee Bucks": 1169.3948292770776,
      "Denver Nuggets": 1830.7392209318484,
      "New Orleans Pelicans": 1320.3508663425685,
      "Oklahoma City Thunder": 1990.9146748079024,
      "San Antonio Spurs": 1921.0602101067393,
      "Los Angeles Lakers": 1773.4945276552114,
      "Atlanta Hawks": 1731.1805841973867,
      "Golden State Warriors": 1260.127683835586,
      "Portland Trail Blazers": 1675.758561145098,
      "Toronto Raptors": 1539.307185934307,
      "Indiana Pacers": 1270.9192339267224,
      "Cleveland Cavaliers": 1635.0865445592372,
      "Philadelphia 76ers": 1681.8904729440271,
      "Utah Jazz": 983.7388166634709,
      "Brooklyn Nets": 1098.6645490649803,
      "Dallas Mavericks": 1286.772435682742,
      "Sacramento Kings": 1335.8211533304548,
      "New York Knicks": 1993.0739296463844,
      "LA Clippers": 1468.6395846449632,
      "Washington Wizards": 761.5443653275855,
      "Orlando Magic": 1626.8740949085245,
      "Memphis Grizzlies": 996.661856123689,
      "Detroit Pistons": 1698.6465100088615,
      "Boston Celtics": 1746.038883397799,
      "Charlotte Hornets": 1732.374876615163,
      "Team Stars": 1689.770130494894,
      "World": 1316.0940306145765,
      "Team Stripes": 1494.1358388905298
    }
  },
  "feature_names": [
    "elo_diff",
    "elo_a",
    "elo_b",
    "win_pct_a",
    "win_pct_b",
    "win_pct_diff",
    "ppg_a",
    "ppg_b",
    "oppg_a",
    "oppg_b",
    "diff_a",
    "diff_b",
    "streak_a",
    "streak_b",
    "b2b_a",
    "b2b_b",
    "b2b_adv",
    "both_b2b",
    "home_away"
  ],
  "has_model": true,
  "rmse": 7.958654589979844,
  "saved_at": "2026-06-07T09:00:25.268670"
}