{
  "elo": {
    "ratings": {
      "Miami Heat": 1540.6158257731065,
      "Phoenix Suns": 1457.8574778323675,
      "Houston Rockets": 1621.1452291468727,
      "Chicago Bulls": 1199.4347068151908,
      "Minnesota Timberwolves": 1741.07294644927,
      "Milwaukee Bucks": 1271.3936217996995,
      "Denver Nuggets": 1737.9894064198593,
      "New Orleans Pelicans": 1373.3408917634208,
      "Oklahoma City Thunder": 2002.8690109901622,
      "San Antonio Spurs": 1887.3402177975584,
      "Los Angeles Lakers": 1722.5123069574088,
      "Atlanta Hawks": 1702.6541777587083,
      "Golden State Warriors": 1308.6383815142929,
      "Portland Trail Blazers": 1607.9111958299607,
      "Toronto Raptors": 1558.3428163062672,
      "Indiana Pacers": 1132.5642184527455,
      "Cleveland Cavaliers": 1661.3293497137806,
      "Philadelphia 76ers": 1639.6705827932356,
      "Utah Jazz": 1045.8417044048383,
      "Brooklyn Nets": 1080.5826968700503,
      "Dallas Mavericks": 1267.7750655819966,
      "Sacramento Kings": 1302.9651490136619,
      "New York Knicks": 1830.0068447558474,
      "LA Clippers": 1493.7574609545516,
      "Washington Wizards": 901.4107496049194,
      "Orlando Magic": 1659.850113122526,
      "Memphis Grizzlies": 1062.3910724104428,
      "Detroit Pistons": 1764.2623860122796,
      "Boston Celtics": 1759.4356604538357,
      "Charlotte Hornets": 1665.0387327011401,
      "Team Stars": 1686.5468699309804,
      "World": 1321.5406854524533,
      "Team Stripes": 1491.9124446165665
    }
  },
  "feature_names": [
    "elo_diff",
    "elo_a",
    "elo_b",
    "win_pct_a",
    "win_pct_b",
    "win_pct_diff",
    "ppg_a",
    "ppg_b",
    "oppg_a",
    "oppg_b",
    "diff_a",
    "diff_b",
    "streak_a",
    "streak_b",
    "b2b_a",
    "b2b_b",
    "b2b_adv",
    "both_b2b",
    "home_away"
  ],
  "has_model": true,
  "rmse": 7.42294244889311,
  "saved_at": "2026-05-13T09:00:25.031801"
}