{
  "elo": {
    "ratings": {
      "Miami Heat": 1539.2919709313508,
      "Phoenix Suns": 1451.0245642210948,
      "Houston Rockets": 1604.1952184016538,
      "Chicago Bulls": 1194.2531317960616,
      "Minnesota Timberwolves": 1732.2626849266026,
      "Milwaukee Bucks": 1303.5654145369317,
      "Denver Nuggets": 1724.0265132308996,
      "New Orleans Pelicans": 1371.4247283465609,
      "Oklahoma City Thunder": 1957.177945622597,
      "San Antonio Spurs": 1906.2446495714323,
      "Los Angeles Lakers": 1724.4089099310359,
      "Atlanta Hawks": 1683.6753345926847,
      "Golden State Warriors": 1310.3179390729256,
      "Portland Trail Blazers": 1611.4644295952473,
      "Toronto Raptors": 1552.9485137207225,
      "Indiana Pacers": 1178.3281557254832,
      "Cleveland Cavaliers": 1656.1613677733344,
      "Philadelphia 76ers": 1654.337726507217,
      "Utah Jazz": 1084.1268514318378,
      "Brooklyn Nets": 1077.9606944081772,
      "Dallas Mavericks": 1265.0592658138498,
      "Sacramento Kings": 1289.6117956213218,
      "New York Knicks": 1786.8251216121478,
      "LA Clippers": 1511.175018883341,
      "Washington Wizards": 915.7791727778971,
      "Orlando Magic": 1648.7230319335586,
      "Memphis Grizzlies": 1065.7396585201204,
      "Detroit Pistons": 1785.9570101143606,
      "Boston Celtics": 1752.479731822166,
      "Charlotte Hornets": 1661.4534485573809,
      "Team Stars": 1681.327458283704,
      "World": 1330.1678185071298,
      "Team Stripes": 1488.5047232091665
    }
  },
  "feature_names": [
    "elo_diff",
    "elo_a",
    "elo_b",
    "win_pct_a",
    "win_pct_b",
    "win_pct_diff",
    "ppg_a",
    "ppg_b",
    "oppg_a",
    "oppg_b",
    "diff_a",
    "diff_b",
    "streak_a",
    "streak_b",
    "b2b_a",
    "b2b_b",
    "b2b_adv",
    "both_b2b",
    "home_away"
  ],
  "has_model": true,
  "rmse": 7.774633102839903,
  "saved_at": "2026-05-10T09:00:26.132774"
}