{
  "elo": {
    "ratings": {
      "Miami Heat": 1463.059238248351,
      "Phoenix Suns": 1422.0576347947037,
      "Houston Rockets": 1642.6594422043934,
      "Chicago Bulls": 1108.9737071509355,
      "Minnesota Timberwolves": 1763.231521896693,
      "Milwaukee Bucks": 1173.3418712969576,
      "Denver Nuggets": 1825.2608285459726,
      "New Orleans Pelicans": 1277.559779718746,
      "Oklahoma City Thunder": 1976.419059627197,
      "San Antonio Spurs": 1946.9181062276837,
      "Los Angeles Lakers": 1744.5171224125315,
      "Atlanta Hawks": 1752.6542312920324,
      "Golden State Warriors": 1322.1150333044002,
      "Portland Trail Blazers": 1715.3716400225164,
      "Toronto Raptors": 1544.3886029785322,
      "Indiana Pacers": 1311.6557007627703,
      "Cleveland Cavaliers": 1666.6085795264426,
      "Philadelphia 76ers": 1703.1890485439096,
      "Utah Jazz": 941.1180222003097,
      "Brooklyn Nets": 1082.0330532161825,
      "Dallas Mavericks": 1255.6834599847195,
      "Sacramento Kings": 1318.2611983106476,
      "New York Knicks": 2028.0740715761153,
      "LA Clippers": 1446.8568826444264,
      "Washington Wizards": 764.2346252944345,
      "Orlando Magic": 1610.1065914660774,
      "Memphis Grizzlies": 1006.7869612283728,
      "Detroit Pistons": 1714.1062331099001,
      "Boston Celtics": 1751.75987591716,
      "Charlotte Hornets": 1720.9978764968778,
      "Team Stars": 1689.770130494894,
      "World": 1316.0940306145765,
      "Team Stripes": 1494.1358388905298
    }
  },
  "feature_names": [
    "elo_diff",
    "elo_a",
    "elo_b",
    "win_pct_a",
    "win_pct_b",
    "win_pct_diff",
    "ppg_a",
    "ppg_b",
    "oppg_a",
    "oppg_b",
    "diff_a",
    "diff_b",
    "streak_a",
    "streak_b",
    "b2b_a",
    "b2b_b",
    "b2b_adv",
    "both_b2b",
    "home_away"
  ],
  "has_model": true,
  "rmse": 8.251506123689348,
  "saved_at": "2026-06-14T09:01:23.333692"
}