{
  "elo": {
    "ratings": {
      "Miami Heat": 1530.4626361984508,
      "Phoenix Suns": 1442.6813534581536,
      "Houston Rockets": 1608.913172851506,
      "Chicago Bulls": 1189.5349376894494,
      "Minnesota Timberwolves": 1722.167758736922,
      "Milwaukee Bucks": 1305.8804404314897,
      "Denver Nuggets": 1709.286671553297,
      "New Orleans Pelicans": 1381.066973329825,
      "Oklahoma City Thunder": 1943.1540955399817,
      "San Antonio Spurs": 1900.850836959144,
      "Los Angeles Lakers": 1721.6360315545032,
      "Atlanta Hawks": 1675.272976780587,
      "Golden State Warriors": 1315.8605973433464,
      "Portland Trail Blazers": 1613.5795644488924,
      "Toronto Raptors": 1555.7061733223093,
      "Indiana Pacers": 1176.1544680290524,
      "Cleveland Cavaliers": 1664.0228518885558,
      "Philadelphia 76ers": 1665.869415182044,
      "Utah Jazz": 1102.3123669333163,
      "Brooklyn Nets": 1085.4890307108983,
      "Dallas Mavericks": 1263.4610128132726,
      "Sacramento Kings": 1283.5499442617138,
      "New York Knicks": 1781.234528599834,
      "LA Clippers": 1526.556050544666,
      "Washington Wizards": 924.4108354456507,
      "Orlando Magic": 1646.4431351641026,
      "Memphis Grizzlies": 1068.4487696030055,
      "Detroit Pistons": 1793.353174790259,
      "Boston Celtics": 1740.4680510773962,
      "Charlotte Hornets": 1662.1721447583711,
      "Team Stars": 1677.54738141712,
      "World": 1336.2547510189272,
      "Team Stripes": 1486.197867563953
    }
  },
  "feature_names": [
    "elo_diff",
    "elo_a",
    "elo_b",
    "win_pct_a",
    "win_pct_b",
    "win_pct_diff",
    "ppg_a",
    "ppg_b",
    "oppg_a",
    "oppg_b",
    "diff_a",
    "diff_b",
    "streak_a",
    "streak_b",
    "b2b_a",
    "b2b_b",
    "b2b_adv",
    "both_b2b",
    "home_away"
  ],
  "has_model": true,
  "rmse": 7.834129827831823,
  "saved_at": "2026-05-08T09:00:25.453921"
}