{
  "elo": {
    "ratings": {
      "Miami Heat": 1502.797283076612,
      "Phoenix Suns": 1455.3072430067418,
      "Houston Rockets": 1594.8715424441098,
      "Chicago Bulls": 1210.073778656256,
      "Minnesota Timberwolves": 1646.6187501926954,
      "Milwaukee Bucks": 1312.2476118538495,
      "Denver Nuggets": 1672.9985892424068,
      "New Orleans Pelicans": 1383.6111590574894,
      "Oklahoma City Thunder": 1876.8438695426933,
      "San Antonio Spurs": 1884.2356621684828,
      "Los Angeles Lakers": 1727.6828903254648,
      "Atlanta Hawks": 1725.9812332048662,
      "Golden State Warriors": 1341.0961853213737,
      "Portland Trail Blazers": 1565.6031005279838,
      "Toronto Raptors": 1509.0009789160986,
      "Indiana Pacers": 1195.1237891788019,
      "Cleveland Cavaliers": 1725.6496415015633,
      "Philadelphia 76ers": 1632.8076378418666,
      "Utah Jazz": 1089.6338660082492,
      "Brooklyn Nets": 1128.1161148037784,
      "Dallas Mavericks": 1243.3879681519304,
      "Sacramento Kings": 1242.2200939156698,
      "New York Knicks": 1729.3134091777233,
      "LA Clippers": 1508.783205462576,
      "Washington Wizards": 1056.3935465333013,
      "Orlando Magic": 1652.3183203176095,
      "Memphis Grizzlies": 1114.1667899798424,
      "Detroit Pistons": 1768.4471753862483,
      "Boston Celtics": 1794.4583236882631,
      "Charlotte Hornets": 1710.2102405154506,
      "Team Stars": 1621.655066233579,
      "World": 1408.6267499021099,
      "Team Stripes": 1469.7181838643112
    }
  },
  "feature_names": [
    "elo_diff",
    "elo_a",
    "elo_b",
    "win_pct_a",
    "win_pct_b",
    "win_pct_diff",
    "ppg_a",
    "ppg_b",
    "oppg_a",
    "oppg_b",
    "diff_a",
    "diff_b",
    "streak_a",
    "streak_b",
    "b2b_a",
    "b2b_b",
    "b2b_adv",
    "both_b2b",
    "home_away"
  ],
  "has_model": true,
  "rmse": 7.946750304672353,
  "saved_at": "2026-04-25T16:13:39.458063"
}