{
  "elo": {
    "ratings": {
      "Miami Heat": 1493.938955369818,
      "Phoenix Suns": 1470.8434352904046,
      "Houston Rockets": 1638.4123925610754,
      "Chicago Bulls": 1170.31396081704,
      "Minnesota Timberwolves": 1726.1486623994715,
      "Milwaukee Bucks": 1168.2213216421812,
      "Denver Nuggets": 1819.4013351626427,
      "New Orleans Pelicans": 1327.319459331798,
      "Oklahoma City Thunder": 1999.4307336111674,
      "San Antonio Spurs": 1947.66959746147,
      "Los Angeles Lakers": 1782.0593742528924,
      "Atlanta Hawks": 1728.8975433099013,
      "Golden State Warriors": 1259.0842699047264,
      "Portland Trail Blazers": 1670.9489050033112,
      "Toronto Raptors": 1541.67898619865,
      "Indiana Pacers": 1266.1284354214672,
      "Cleveland Cavaliers": 1624.9522150887017,
      "Philadelphia 76ers": 1671.3975466293953,
      "Utah Jazz": 998.867566449647,
      "Brooklyn Nets": 1118.1493352150621,
      "Dallas Mavericks": 1285.4243901273398,
      "Sacramento Kings": 1330.3448683657405,
      "New York Knicks": 1944.135010284603,
      "LA Clippers": 1482.1269726773783,
      "Washington Wizards": 758.291395796399,
      "Orlando Magic": 1632.1338114500556,
      "Memphis Grizzlies": 998.8415618498512,
      "Detroit Pistons": 1681.0415015936976,
      "Boston Celtics": 1755.3231044983117,
      "Charlotte Hornets": 1708.4733522357938,
      "Team Stars": 1689.770130494894,
      "World": 1316.0940306145765,
      "Team Stripes": 1494.1358388905298
    }
  },
  "feature_names": [
    "elo_diff",
    "elo_a",
    "elo_b",
    "win_pct_a",
    "win_pct_b",
    "win_pct_diff",
    "ppg_a",
    "ppg_b",
    "oppg_a",
    "oppg_b",
    "diff_a",
    "diff_b",
    "streak_a",
    "streak_b",
    "b2b_a",
    "b2b_b",
    "b2b_adv",
    "both_b2b",
    "home_away"
  ],
  "has_model": true,
  "rmse": 7.858606973992202,
  "saved_at": "2026-06-05T09:00:27.955183"
}