{
  "elo": {
    "ratings": {
      "Miami Heat": 1519.81217396236,
      "Phoenix Suns": 1470.3448123384449,
      "Houston Rockets": 1617.6816688767647,
      "Chicago Bulls": 1212.1480081429224,
      "Minnesota Timberwolves": 1723.0929906263957,
      "Milwaukee Bucks": 1160.2068924875498,
      "Denver Nuggets": 1779.1192006089923,
      "New Orleans Pelicans": 1357.7519132947457,
      "Oklahoma City Thunder": 2065.796482769254,
      "San Antonio Spurs": 1918.3446659864221,
      "Los Angeles Lakers": 1775.8406733626705,
      "Atlanta Hawks": 1734.507973926576,
      "Golden State Warriors": 1270.2531674376824,
      "Portland Trail Blazers": 1642.4882051169948,
      "Toronto Raptors": 1545.352232398809,
      "Indiana Pacers": 1204.060245086237,
      "Cleveland Cavaliers": 1638.8934310321042,
      "Philadelphia 76ers": 1652.7320299595867,
      "Utah Jazz": 1005.394966756244,
      "Brooklyn Nets": 1110.4641198673658,
      "Dallas Mavericks": 1261.2628974156496,
      "Sacramento Kings": 1294.592529150987,
      "New York Knicks": 1931.2393823042466,
      "LA Clippers": 1498.496744685644,
      "Washington Wizards": 765.2151317335712,
      "Orlando Magic": 1634.0600922339663,
      "Memphis Grizzlies": 1062.0475491802165,
      "Detroit Pistons": 1684.273967044359,
      "Boston Celtics": 1744.4715928765158,
      "Charlotte Hornets": 1720.0542593367143,
      "Team Stars": 1689.770130494894,
      "World": 1316.0940306145765,
      "Team Stripes": 1494.1358388905298
    }
  },
  "feature_names": [
    "elo_diff",
    "elo_a",
    "elo_b",
    "win_pct_a",
    "win_pct_b",
    "win_pct_diff",
    "ppg_a",
    "ppg_b",
    "oppg_a",
    "oppg_b",
    "diff_a",
    "diff_b",
    "streak_a",
    "streak_b",
    "b2b_a",
    "b2b_b",
    "b2b_adv",
    "both_b2b",
    "home_away"
  ],
  "has_model": true,
  "rmse": 7.886015890891105,
  "saved_at": "2026-05-29T09:00:24.273708"
}