{
  "elo": {
    "ratings": {
      "Miami Heat": 1537.179536793595,
      "Phoenix Suns": 1461.4766220395968,
      "Houston Rockets": 1628.7021460932156,
      "Chicago Bulls": 1198.6508704475618,
      "Minnesota Timberwolves": 1739.6440289515454,
      "Milwaukee Bucks": 1246.4913097251376,
      "Denver Nuggets": 1743.7862159311553,
      "New Orleans Pelicans": 1375.3427638973737,
      "Oklahoma City Thunder": 2042.3043588227308,
      "San Antonio Spurs": 1882.7782293429418,
      "Los Angeles Lakers": 1727.2772380283006,
      "Atlanta Hawks": 1712.4377477221583,
      "Golden State Warriors": 1308.534448501149,
      "Portland Trail Blazers": 1604.6156874603805,
      "Toronto Raptors": 1562.2863136286219,
      "Indiana Pacers": 1108.0100616125133,
      "Cleveland Cavaliers": 1691.207085543645,
      "Philadelphia 76ers": 1642.4311336284716,
      "Utah Jazz": 1024.3915795990413,
      "Brooklyn Nets": 1083.8353121613713,
      "Dallas Mavericks": 1268.1140484923467,
      "Sacramento Kings": 1309.749666500191,
      "New York Knicks": 1840.0195641650234,
      "LA Clippers": 1486.6480282394486,
      "Washington Wizards": 887.5390075298764,
      "Orlando Magic": 1661.5284739206832,
      "Memphis Grizzlies": 1058.871597788575,
      "Detroit Pistons": 1735.2018555305342,
      "Boston Celtics": 1764.2315546812388,
      "Charlotte Hornets": 1666.7135132215733,
      "Team Stars": 1689.770130494894,
      "World": 1316.0940306145765,
      "Team Stripes": 1494.1358388905298
    }
  },
  "feature_names": [
    "elo_diff",
    "elo_a",
    "elo_b",
    "win_pct_a",
    "win_pct_b",
    "win_pct_diff",
    "ppg_a",
    "ppg_b",
    "oppg_a",
    "oppg_b",
    "diff_a",
    "diff_b",
    "streak_a",
    "streak_b",
    "b2b_a",
    "b2b_b",
    "b2b_adv",
    "both_b2b",
    "home_away"
  ],
  "has_model": true,
  "rmse": 7.436832027123053,
  "saved_at": "2026-05-16T09:00:52.435548"
}