{
  "elo": {
    "ratings": {
      "Miami Heat": 1537.0405117170974,
      "Phoenix Suns": 1462.8993172623816,
      "Houston Rockets": 1631.2731775704392,
      "Chicago Bulls": 1196.8937995138933,
      "Minnesota Timberwolves": 1720.7898487954196,
      "Milwaukee Bucks": 1239.7476770668884,
      "Denver Nuggets": 1745.121466351066,
      "New Orleans Pelicans": 1375.1816219164664,
      "Oklahoma City Thunder": 2057.128752360953,
      "San Antonio Spurs": 1903.073453185526,
      "Los Angeles Lakers": 1732.1354535163991,
      "Atlanta Hawks": 1716.852356645944,
      "Golden State Warriors": 1308.0853356755472,
      "Portland Trail Blazers": 1604.207572664597,
      "Toronto Raptors": 1563.862255389367,
      "Indiana Pacers": 1096.4157499280975,
      "Cleveland Cavaliers": 1691.5522187832457,
      "Philadelphia 76ers": 1644.5118788386737,
      "Utah Jazz": 1012.9582807253544,
      "Brooklyn Nets": 1083.8976337573522,
      "Dallas Mavericks": 1267.2366144174853,
      "Sacramento Kings": 1311.5869018256424,
      "New York Knicks": 1844.9555166798696,
      "LA Clippers": 1484.736188332194,
      "Washington Wizards": 877.0657315206612,
      "Orlando Magic": 1662.3239156846032,
      "Memphis Grizzlies": 1056.1584620392139,
      "Detroit Pistons": 1737.173958497377,
      "Boston Celtics": 1767.370072181189,
      "Charlotte Hornets": 1667.76427715705,
      "Team Stars": 1689.770130494894,
      "World": 1316.0940306145765,
      "Team Stripes": 1494.1358388905298
    }
  },
  "feature_names": [
    "elo_diff",
    "elo_a",
    "elo_b",
    "win_pct_a",
    "win_pct_b",
    "win_pct_diff",
    "ppg_a",
    "ppg_b",
    "oppg_a",
    "oppg_b",
    "diff_a",
    "diff_b",
    "streak_a",
    "streak_b",
    "b2b_a",
    "b2b_b",
    "b2b_adv",
    "both_b2b",
    "home_away"
  ],
  "has_model": true,
  "rmse": 7.791268338944682,
  "saved_at": "2026-05-19T09:00:47.533284"
}