{
  "elo": {
    "ratings": {
      "Miami Heat": 1528.5158150391298,
      "Phoenix Suns": 1447.520272922657,
      "Houston Rockets": 1604.909167576796,
      "Chicago Bulls": 1189.7278031783742,
      "Minnesota Timberwolves": 1736.5685506018385,
      "Milwaukee Bucks": 1304.636310228258,
      "Denver Nuggets": 1712.404690313838,
      "New Orleans Pelicans": 1376.9736882969387,
      "Oklahoma City Thunder": 1954.862689032318,
      "San Antonio Spurs": 1896.914008473263,
      "Los Angeles Lakers": 1719.9235465764486,
      "Atlanta Hawks": 1679.2528021121343,
      "Golden State Warriors": 1313.2205107218708,
      "Portland Trail Blazers": 1614.0196895053277,
      "Toronto Raptors": 1554.9506882713604,
      "Indiana Pacers": 1177.443897607854,
      "Cleveland Cavaliers": 1659.0329367702566,
      "Philadelphia 76ers": 1663.9344261318492,
      "Utah Jazz": 1099.8358585393355,
      "Brooklyn Nets": 1084.3472669612543,
      "Dallas Mavericks": 1264.5241565833253,
      "Sacramento Kings": 1286.679420386887,
      "New York Knicks": 1776.2031670748477,
      "LA Clippers": 1516.5904190377162,
      "Washington Wizards": 919.7716491030357,
      "Orlando Magic": 1648.2783887684166,
      "Memphis Grizzlies": 1066.6252301717377,
      "Detroit Pistons": 1798.1481246632304,
      "Boston Celtics": 1747.3397890905899,
      "Charlotte Hornets": 1656.8450362591059,
      "Team Stars": 1679.4703763248542,
      "World": 1333.175820793527,
      "Team Stripes": 1487.353802881619
    }
  },
  "feature_names": [
    "elo_diff",
    "elo_a",
    "elo_b",
    "win_pct_a",
    "win_pct_b",
    "win_pct_diff",
    "ppg_a",
    "ppg_b",
    "oppg_a",
    "oppg_b",
    "diff_a",
    "diff_b",
    "streak_a",
    "streak_b",
    "b2b_a",
    "b2b_b",
    "b2b_adv",
    "both_b2b",
    "home_away"
  ],
  "has_model": true,
  "rmse": 7.719911777058451,
  "saved_at": "2026-05-09T09:00:26.485867"
}