{
  "elo": {
    "ratings": {
      "Miami Heat": 1515.0977253295166,
      "Phoenix Suns": 1470.264959638377,
      "Houston Rockets": 1608.0168570564335,
      "Chicago Bulls": 1305.1613792215549,
      "Minnesota Timberwolves": 1554.504712640449,
      "Milwaukee Bucks": 1345.9610026859045,
      "Denver Nuggets": 1641.1598707712128,
      "New Orleans Pelicans": 1424.539233566766,
      "Oklahoma City Thunder": 1782.1766676543878,
      "San Antonio Spurs": 1820.5085565284796,
      "Los Angeles Lakers": 1664.6434874577615,
      "Atlanta Hawks": 1623.519165838581,
      "Golden State Warriors": 1357.8997393999814,
      "Portland Trail Blazers": 1540.2536247518906,
      "Toronto Raptors": 1539.0362242712145,
      "Indiana Pacers": 1274.1992618188779,
      "Cleveland Cavaliers": 1710.9234750971584,
      "Philadelphia 76ers": 1557.2527246781196,
      "Utah Jazz": 1186.5026448171877,
      "Brooklyn Nets": 1208.3641041570606,
      "Dallas Mavericks": 1299.8443208334168,
      "Sacramento Kings": 1290.52823750401,
      "New York Knicks": 1693.7340186189265,
      "LA Clippers": 1545.5233186848902,
      "Washington Wizards": 1145.4681512360653,
      "Orlando Magic": 1563.0733612129482,
      "Memphis Grizzlies": 1190.9152678051714,
      "Detroit Pistons": 1729.600184301065,
      "Boston Celtics": 1741.5171203810164,
      "Charlotte Hornets": 1669.8106020415753,
      "Team Stars": 1541.8839480261395,
      "World": 1473.4153455704309,
      "Team Stripes": 1484.7007064034296
    }
  },
  "feature_names": [
    "elo_diff",
    "elo_a",
    "elo_b",
    "win_pct_a",
    "win_pct_b",
    "win_pct_diff",
    "ppg_a",
    "ppg_b",
    "oppg_a",
    "oppg_b",
    "diff_a",
    "diff_b",
    "streak_a",
    "streak_b",
    "b2b_a",
    "b2b_b",
    "b2b_adv",
    "both_b2b",
    "home_away"
  ],
  "has_model": true,
  "rmse": 7.975304777025298,
  "saved_at": "2026-04-16T09:00:27.624774"
}