{
  "elo": {
    "ratings": {
      "Miami Heat": 1507.4646109141827,
      "Phoenix Suns": 1467.3945399434817,
      "Houston Rockets": 1617.1055744200169,
      "Chicago Bulls": 1203.7790371663698,
      "Minnesota Timberwolves": 1740.1505811356003,
      "Milwaukee Bucks": 1214.5214936423868,
      "Denver Nuggets": 1769.06594630327,
      "New Orleans Pelicans": 1381.5942034035586,
      "Oklahoma City Thunder": 2036.4746174949075,
      "San Antonio Spurs": 1926.9487578213425,
      "Los Angeles Lakers": 1733.910379494533,
      "Atlanta Hawks": 1725.7009834229568,
      "Golden State Warriors": 1293.1111514588283,
      "Portland Trail Blazers": 1623.039669715192,
      "Toronto Raptors": 1544.9317199416046,
      "Indiana Pacers": 1156.0831191634252,
      "Cleveland Cavaliers": 1671.3777856761258,
      "Philadelphia 76ers": 1660.7385915902455,
      "Utah Jazz": 1007.0367591311928,
      "Brooklyn Nets": 1084.769081780316,
      "Dallas Mavericks": 1253.666843546923,
      "Sacramento Kings": 1323.3649192402404,
      "New York Knicks": 1876.7024869408067,
      "LA Clippers": 1486.519845286719,
      "Washington Wizards": 806.3203030739526,
      "Orlando Magic": 1647.319374642071,
      "Memphis Grizzlies": 1054.767142366488,
      "Detroit Pistons": 1706.5266043871866,
      "Boston Celtics": 1758.891921294583,
      "Charlotte Hornets": 1720.7219556014875,
      "Team Stars": 1689.770130494894,
      "World": 1316.0940306145765,
      "Team Stripes": 1494.1358388905298
    }
  },
  "feature_names": [
    "elo_diff",
    "elo_a",
    "elo_b",
    "win_pct_a",
    "win_pct_b",
    "win_pct_diff",
    "ppg_a",
    "ppg_b",
    "oppg_a",
    "oppg_b",
    "diff_a",
    "diff_b",
    "streak_a",
    "streak_b",
    "b2b_a",
    "b2b_b",
    "b2b_adv",
    "both_b2b",
    "home_away"
  ],
  "has_model": true,
  "rmse": 7.700670157272383,
  "saved_at": "2026-05-24T09:00:26.521923"
}