{
  "elo": {
    "ratings": {
      "Miami Heat": 1537.8744670692913,
      "Phoenix Suns": 1460.6298546065186,
      "Houston Rockets": 1627.0746927081962,
      "Chicago Bulls": 1199.130935104819,
      "Minnesota Timberwolves": 1740.0188670957584,
      "Milwaukee Bucks": 1251.2081647937496,
      "Denver Nuggets": 1742.4337316163026,
      "New Orleans Pelicans": 1374.9351952409932,
      "Oklahoma City Thunder": 2033.5475885569447,
      "San Antonio Spurs": 1884.0143460848406,
      "Los Angeles Lakers": 1725.0750178518283,
      "Atlanta Hawks": 1709.8942827142675,
      "Golden State Warriors": 1308.463827357863,
      "Portland Trail Blazers": 1605.3569365205303,
      "Toronto Raptors": 1560.74801658596,
      "Indiana Pacers": 1114.1748622416912,
      "Cleveland Cavaliers": 1682.932191390342,
      "Philadelphia 76ers": 1641.6582855999761,
      "Utah Jazz": 1030.0369318860974,
      "Brooklyn Nets": 1083.3305557238914,
      "Dallas Mavericks": 1268.0211325685616,
      "Sacramento Kings": 1308.3721044421331,
      "New York Knicks": 1837.4769620553136,
      "LA Clippers": 1488.016483532551,
      "Washington Wizards": 891.8644198008255,
      "Orlando Magic": 1662.2663647245827,
      "Memphis Grizzlies": 1059.9402533640184,
      "Detroit Pistons": 1742.6733071588533,
      "Boston Celtics": 1762.6381997734159,
      "Charlotte Hornets": 1666.19202182988,
      "Team Stars": 1689.770130494894,
      "World": 1316.0940306145765,
      "Team Stripes": 1494.1358388905298
    }
  },
  "feature_names": [
    "elo_diff",
    "elo_a",
    "elo_b",
    "win_pct_a",
    "win_pct_b",
    "win_pct_diff",
    "ppg_a",
    "ppg_b",
    "oppg_a",
    "oppg_b",
    "diff_a",
    "diff_b",
    "streak_a",
    "streak_b",
    "b2b_a",
    "b2b_b",
    "b2b_adv",
    "both_b2b",
    "home_away"
  ],
  "has_model": true,
  "rmse": 7.538030173632342,
  "saved_at": "2026-05-15T09:00:52.281908"
}