{
  "elo": {
    "ratings": {
      "Miami Heat": 1513.6996208617793,
      "Phoenix Suns": 1465.7066016633432,
      "Houston Rockets": 1619.76024726048,
      "Chicago Bulls": 1291.0837186769586,
      "Minnesota Timberwolves": 1557.2368871231101,
      "Milwaukee Bucks": 1338.5776254053621,
      "Denver Nuggets": 1657.5115663278855,
      "New Orleans Pelicans": 1417.6391929207155,
      "Oklahoma City Thunder": 1803.9234427584715,
      "San Antonio Spurs": 1841.62541170629,
      "Los Angeles Lakers": 1682.4495064480034,
      "Atlanta Hawks": 1639.300195976664,
      "Golden State Warriors": 1358.1255136509462,
      "Portland Trail Blazers": 1540.0725734874172,
      "Toronto Raptors": 1542.3149616938165,
      "Indiana Pacers": 1254.1392512352406,
      "Cleveland Cavaliers": 1722.6235936265655,
      "Philadelphia 76ers": 1571.737126499253,
      "Utah Jazz": 1159.5802902553764,
      "Brooklyn Nets": 1178.8830542918288,
      "Dallas Mavericks": 1287.676377322962,
      "Sacramento Kings": 1264.950524280031,
      "New York Knicks": 1717.3415551883868,
      "LA Clippers": 1525.1567012916867,
      "Washington Wizards": 1116.089979661969,
      "Orlando Magic": 1564.5278695128368,
      "Memphis Grizzlies": 1167.297181773047,
      "Detroit Pistons": 1750.2171353353615,
      "Boston Celtics": 1756.2561621136579,
      "Charlotte Hornets": 1694.4961316505535,
      "Team Stars": 1553.4187777896896,
      "World": 1465.5225635909355,
      "Team Stripes": 1481.058658619375
    }
  },
  "feature_names": [
    "elo_diff",
    "elo_a",
    "elo_b",
    "win_pct_a",
    "win_pct_b",
    "win_pct_diff",
    "ppg_a",
    "ppg_b",
    "oppg_a",
    "oppg_b",
    "diff_a",
    "diff_b",
    "streak_a",
    "streak_b",
    "b2b_a",
    "b2b_b",
    "b2b_adv",
    "both_b2b",
    "home_away"
  ],
  "has_model": true,
  "rmse": 7.841025359914539,
  "saved_at": "2026-04-17T09:00:23.578473"
}