{
  "elo": {
    "ratings": {
      "Miami Heat": 1458.1169895227195,
      "Phoenix Suns": 1427.2423667425296,
      "Houston Rockets": 1637.4837418449188,
      "Chicago Bulls": 1116.4056073973766,
      "Minnesota Timberwolves": 1759.5540428859997,
      "Milwaukee Bucks": 1176.341855856686,
      "Denver Nuggets": 1825.6889108511325,
      "New Orleans Pelicans": 1287.4053527258316,
      "Oklahoma City Thunder": 1977.983925851847,
      "San Antonio Spurs": 1942.1799709552063,
      "Los Angeles Lakers": 1755.757955465365,
      "Atlanta Hawks": 1751.5855161663565,
      "Golden State Warriors": 1315.0152068152888,
      "Portland Trail Blazers": 1708.2049923165794,
      "Toronto Raptors": 1546.4049761057413,
      "Indiana Pacers": 1300.1811454099902,
      "Cleveland Cavaliers": 1660.3415973713056,
      "Philadelphia 76ers": 1701.7452253101878,
      "Utah Jazz": 947.5149978629512,
      "Brooklyn Nets": 1082.7648918129205,
      "Dallas Mavericks": 1265.2396609785796,
      "Sacramento Kings": 1327.986559891495,
      "New York Knicks": 2026.4375400342067,
      "LA Clippers": 1441.5755309945066,
      "Washington Wizards": 762.5045192152162,
      "Orlando Magic": 1613.4019616811183,
      "Memphis Grizzlies": 1002.0295020559382,
      "Detroit Pistons": 1710.2572186035652,
      "Boston Celtics": 1750.817314198258,
      "Charlotte Hornets": 1721.830923076175,
      "Team Stars": 1689.770130494894,
      "World": 1316.0940306145765,
      "Team Stripes": 1494.1358388905298
    }
  },
  "feature_names": [
    "elo_diff",
    "elo_a",
    "elo_b",
    "win_pct_a",
    "win_pct_b",
    "win_pct_diff",
    "ppg_a",
    "ppg_b",
    "oppg_a",
    "oppg_b",
    "diff_a",
    "diff_b",
    "streak_a",
    "streak_b",
    "b2b_a",
    "b2b_b",
    "b2b_adv",
    "both_b2b",
    "home_away"
  ],
  "has_model": true,
  "rmse": 8.135503502934522,
  "saved_at": "2026-06-13T09:00:31.674817"
}