{
  "elo": {
    "ratings": {
      "Miami Heat": 1531.1062718590108,
      "Phoenix Suns": 1435.020506761943,
      "Houston Rockets": 1616.1849337371427,
      "Chicago Bulls": 1188.5627159664705,
      "Minnesota Timberwolves": 1713.1210915733645,
      "Milwaukee Bucks": 1307.558850906173,
      "Denver Nuggets": 1707.3071082276367,
      "New Orleans Pelicans": 1386.4114181197806,
      "Oklahoma City Thunder": 1928.1373826374613,
      "San Antonio Spurs": 1906.3829898885926,
      "Los Angeles Lakers": 1722.389718303757,
      "Atlanta Hawks": 1667.2385108899462,
      "Golden State Warriors": 1319.579356069727,
      "Portland Trail Blazers": 1612.8229628265824,
      "Toronto Raptors": 1555.6279538212732,
      "Indiana Pacers": 1174.2293036203087,
      "Cleveland Cavaliers": 1668.4293918704955,
      "Philadelphia 76ers": 1672.6314834418217,
      "Utah Jazz": 1105.1145122128548,
      "Brooklyn Nets": 1087.1462296934244,
      "Dallas Mavericks": 1262.1493287722756,
      "Sacramento Kings": 1277.1013758779698,
      "New York Knicks": 1776.3597131280571,
      "LA Clippers": 1527.3642389474433,
      "Washington Wizards": 931.955603911608,
      "Orlando Magic": 1644.3748024019953,
      "Memphis Grizzlies": 1070.8253477097157,
      "Detroit Pistons": 1789.7721242023147,
      "Boston Celtics": 1742.6093394264828,
      "Charlotte Hornets": 1672.485433194367,
      "Team Stars": 1675.553409901484,
      "World": 1339.4077410169075,
      "Team Stripes": 1485.0388490816088
    }
  },
  "feature_names": [
    "elo_diff",
    "elo_a",
    "elo_b",
    "win_pct_a",
    "win_pct_b",
    "win_pct_diff",
    "ppg_a",
    "ppg_b",
    "oppg_a",
    "oppg_b",
    "diff_a",
    "diff_b",
    "streak_a",
    "streak_b",
    "b2b_a",
    "b2b_b",
    "b2b_adv",
    "both_b2b",
    "home_away"
  ],
  "has_model": true,
  "rmse": 7.6742564874195836,
  "saved_at": "2026-05-07T09:00:25.364673"
}