{
  "elo": {
    "ratings": {
      "Miami Heat": 1516.8254641606568,
      "Phoenix Suns": 1459.918294515405,
      "Houston Rockets": 1616.5720170470224,
      "Chicago Bulls": 1202.156222946871,
      "Minnesota Timberwolves": 1722.4110989784563,
      "Milwaukee Bucks": 1217.4033372990464,
      "Denver Nuggets": 1749.47943513047,
      "New Orleans Pelicans": 1383.7192665432763,
      "Oklahoma City Thunder": 2027.1136754565925,
      "San Antonio Spurs": 1938.439531979395,
      "Los Angeles Lakers": 1725.258796902142,
      "Atlanta Hawks": 1722.2377292694139,
      "Golden State Warriors": 1310.6583778070126,
      "Portland Trail Blazers": 1622.9733637824775,
      "Toronto Raptors": 1555.0300628534865,
      "Indiana Pacers": 1124.9471343135554,
      "Cleveland Cavaliers": 1681.0692038738157,
      "Philadelphia 76ers": 1666.9499753442715,
      "Utah Jazz": 1010.210301921533,
      "Brooklyn Nets": 1084.531658868951,
      "Dallas Mavericks": 1267.0114996726531,
      "Sacramento Kings": 1324.7341601983528,
      "New York Knicks": 1869.4895913972416,
      "LA Clippers": 1475.8789793319618,
      "Washington Wizards": 831.9643496167108,
      "Orlando Magic": 1654.3121984176887,
      "Memphis Grizzlies": 1051.2834025561956,
      "Detroit Pistons": 1708.8080614665814,
      "Boston Celtics": 1770.6912587465026,
      "Charlotte Hornets": 1707.921549602255,
      "Team Stars": 1689.770130494894,
      "World": 1316.0940306145765,
      "Team Stripes": 1494.1358388905298
    }
  },
  "feature_names": [
    "elo_diff",
    "elo_a",
    "elo_b",
    "win_pct_a",
    "win_pct_b",
    "win_pct_diff",
    "ppg_a",
    "ppg_b",
    "oppg_a",
    "oppg_b",
    "diff_a",
    "diff_b",
    "streak_a",
    "streak_b",
    "b2b_a",
    "b2b_b",
    "b2b_adv",
    "both_b2b",
    "home_away"
  ],
  "has_model": true,
  "rmse": 7.767481498988172,
  "saved_at": "2026-05-22T09:00:25.425732"
}