{
  "elo": {
    "ratings": {
      "Miami Heat": 1520.322558895789,
      "Phoenix Suns": 1475.7267492397764,
      "Houston Rockets": 1616.7791530751863,
      "Chicago Bulls": 1209.6082496396175,
      "Minnesota Timberwolves": 1727.5569893956597,
      "Milwaukee Bucks": 1173.4959426886242,
      "Denver Nuggets": 1776.7169496936633,
      "New Orleans Pelicans": 1369.3836576069668,
      "Oklahoma City Thunder": 2054.6293689822996,
      "San Antonio Spurs": 1920.9639469618742,
      "Los Angeles Lakers": 1765.8653251641263,
      "Atlanta Hawks": 1729.7401323250645,
      "Golden State Warriors": 1275.5936406270866,
      "Portland Trail Blazers": 1638.9129668819678,
      "Toronto Raptors": 1546.5138706993123,
      "Indiana Pacers": 1190.9084678343972,
      "Cleveland Cavaliers": 1642.8436471613616,
      "Philadelphia 76ers": 1654.0858212677788,
      "Utah Jazz": 1002.4710696064935,
      "Brooklyn Nets": 1104.9087750384904,
      "Dallas Mavericks": 1234.4135043319961,
      "Sacramento Kings": 1308.5647360193022,
      "New York Knicks": 1918.3837301375818,
      "LA Clippers": 1493.7571254078678,
      "Washington Wizards": 778.2360895764782,
      "Orlando Magic": 1633.1928271473041,
      "Memphis Grizzlies": 1074.7183674249293,
      "Detroit Pistons": 1691.252940095092,
      "Boston Celtics": 1747.2291649703693,
      "Charlotte Hornets": 1723.2242321035374,
      "Team Stars": 1689.770130494894,
      "World": 1316.0940306145765,
      "Team Stripes": 1494.1358388905298
    }
  },
  "feature_names": [
    "elo_diff",
    "elo_a",
    "elo_b",
    "win_pct_a",
    "win_pct_b",
    "win_pct_diff",
    "ppg_a",
    "ppg_b",
    "oppg_a",
    "oppg_b",
    "diff_a",
    "diff_b",
    "streak_a",
    "streak_b",
    "b2b_a",
    "b2b_b",
    "b2b_adv",
    "both_b2b",
    "home_away"
  ],
  "has_model": true,
  "rmse": 7.953301159801668,
  "saved_at": "2026-05-27T09:00:26.361914"
}